transaction_id,customer_id,order_time,account_created_at,amount,payment_method,merchant_category,customer_country,account_age_days,order_hour,high_amount_flag,customer_txn_velocity_24h,is_fraud
TXN100000,1038,2026-06-01 03:17:05,2026-05-06 04:33:51.467025620,29.56,wallet,delivery,PK,25.946684409425696,3,1,0,0
TXN100001,1142,2026-06-01 04:05:20,2026-03-30 01:36:56.332861760,24.52,debit_card,dine_in_topup,PK,63.10305170298889,4,1,0,0
TXN100002,1081,2026-06-01 04:25:26,2026-04-09 07:44:30.106282987,12.01,credit_card,gift_card,GB,52.8617580291321,4,0,0,1
TXN100003,1207,2026-06-01 04:25:35,2025-06-19 09:22:02.333080221,16.6,wallet,subscription,AE,346.7941280893493,4,0,0,0
TXN100004,1166,2026-06-01 06:09:02,2026-04-03 21:03:28.137317528,10.3,credit_card,dine_in_topup,GB,58.3788641514175,6,0,0,0
TXN100005,1019,2026-06-01 08:11:57,2025-06-05 08:54:45.274859281,29.5,wallet,dine_in_topup,US,360.9702745965361,8,1,0,0
TXN100006,1147,2026-06-01 08:38:48,2026-02-16 14:12:21.259722535,37.62,debit_card,delivery,SA,104.76836504950768,8,1,0,0
TXN100007,1116,2026-06-01 10:40:34,2026-04-02 15:24:42.982688379,8.91,debit_card,subscription,US,59.8026738114771,10,0,0,0
TXN100008,1238,2026-06-01 11:39:58,2026-02-11 19:00:41.477931524,15.47,credit_card,delivery,SA,109.6939412276444,11,0,0,0
TXN100009,1091,2026-06-01 11:59:17,2026-02-17 15:28:26.428150962,5.65,debit_card,gift_card,AE,103.8547519889935,11,0,0,0
TXN100010,1286,2026-06-01 12:33:15,2026-04-26 17:32:15.411840816,18.36,credit_card,subscription,GB,35.792356344435,12,0,0,1
TXN100011,1184,2026-06-01 12:37:51,2026-04-27 13:46:11.252792896,22.15,wallet,gift_card,US,34.952543370452595,12,0,0,0
TXN100012,1039,2026-06-01 13:01:42,2025-08-30 08:33:31.212450328,19.37,credit_card,gift_card,PK,275.1862359670101,13,0,0,0
TXN100013,1121,2026-06-01 14:08:16,2026-05-23 00:49:47.558947703,21.02,wallet,delivery,AE,9.554495845512697,14,0,0,0
TXN100014,1265,2026-06-01 14:27:54,2026-03-06 19:31:35.963667593,14.37,debit_card,gift_card,AE,86.7890976427362,14,0,0,0
TXN100015,1076,2026-06-01 14:34:51,2025-05-31 06:00:37.922554074,14.6,wallet,delivery,PK,366.3570958037723,14,0,0,0
TXN100016,1211,2026-06-01 17:20:43,2026-04-16 22:00:24.129665350,14.14,wallet,dine_in_topup,SA,45.805773962206594,17,0,0,0
TXN100017,1235,2026-06-01 18:51:00,2025-11-11 23:46:18.340677832,10.87,wallet,delivery,AE,201.7949266125251,18,0,0,0
TXN100018,1207,2026-06-01 19:29:08,2026-04-18 05:07:51.657796467,11.84,cash_on_delivery,delivery,US,44.59810581254089,19,0,1,0
TXN100019,1027,2026-06-01 19:36:47,2025-05-22 18:55:17.588868743,21.5,wallet,gift_card,US,375.028812628834,19,0,0,0
TXN100020,1112,2026-06-01 20:55:19,2026-05-14 20:29:48.729213245,36.1,cash_on_delivery,gift_card,US,18.017711467439295,20,1,0,0
TXN100021,1104,2026-06-01 21:38:39,2026-03-30 07:54:47.397584749,7.82,debit_card,dine_in_topup,GB,63.57212502795429,21,0,0,0
TXN100022,1103,2026-06-01 22:46:06,2026-03-07 15:02:04.428936936,14.57,cash_on_delivery,dine_in_topup,SA,86.3222404058225,22,0,0,0
TXN100023,1263,2026-06-01 22:51:42,2025-12-19 18:54:02.585055630,6.69,debit_card,subscription,SA,164.1650395248191,22,0,0,0
TXN100024,1001,2026-06-02 00:40:05,2026-02-19 02:47:38.111190261,11.01,wallet,subscription,SA,102.91142232418679,0,0,0,0
TXN100025,1161,2026-06-02 02:25:00,2025-11-29 20:56:38.993788586,12.33,debit_card,subscription,US,184.2280209052247,2,0,0,0
TXN100026,1294,2026-06-02 03:09:05,2026-05-14 18:17:20.185541843,17.5,cash_on_delivery,delivery,GB,18.369268685858298,3,0,0,0
TXN100027,1262,2026-06-02 04:34:42,2025-11-22 17:36:11.813624743,17.17,debit_card,gift_card,PK,191.4572938237877,4,0,0,0
TXN100028,1181,2026-06-02 08:12:43,2025-08-11 06:55:22.216265886,15.38,wallet,delivery,SA,295.0537127747004,8,0,0,0
TXN100029,1299,2026-06-02 08:46:27,2025-12-12 05:55:24.418563308,20.35,credit_card,delivery,PK,172.11877987773948,8,0,0,0
TXN100030,1120,2026-06-02 09:13:11,2026-04-17 03:51:34.894171201,8.37,wallet,delivery,PK,46.22333455820369,9,0,0,0
TXN100031,1183,2026-06-02 13:02:56,2026-05-06 05:04:27.192467439,17.6,credit_card,gift_card,SA,27.332277864960197,13,0,0,0
TXN100032,1163,2026-06-02 13:07:34,2026-04-25 11:34:33.412391201,24.98,debit_card,delivery,GB,38.0645901343611,13,1,0,0
TXN100033,1014,2026-06-02 14:49:16,2026-05-18 06:37:19.773572874,8.3,credit_card,subscription,PK,15.341622991054699,14,0,0,0
TXN100034,1012,2026-06-02 15:06:54,2026-01-22 07:56:19.534318242,4.27,debit_card,gift_card,SA,131.2990100194648,15,0,0,0
TXN100035,1269,2026-06-02 17:57:23,2026-02-27 00:29:21.651254881,29.35,debit_card,dine_in_topup,PK,95.72779338825369,17,1,0,0
TXN100036,1052,2026-06-02 20:10:06,2026-02-26 23:29:56.657696202,6.85,debit_card,subscription,PK,95.86121923962729,20,0,0,0
TXN100037,1106,2026-06-02 23:04:10,2026-02-06 18:08:49.584438127,10.63,debit_card,subscription,SA,116.20509740233648,23,0,0,0
TXN100038,1187,2026-06-02 23:31:01,2025-09-01 00:45:19.903495771,24.52,credit_card,gift_card,AE,274.9483923206508,23,1,0,0
TXN100039,1172,2026-06-02 23:50:57,2026-05-25 19:05:21.317772697,8.0,wallet,dine_in_topup,AE,8.1983296554086,23,0,0,0
TXN100040,1154,2026-06-03 00:22:46,2026-04-02 21:11:38.754815800,28.06,cash_on_delivery,subscription,GB,61.1327227451875,0,1,0,0
TXN100041,1293,2026-06-03 02:42:25,2026-05-04 09:47:03.025963731,9.58,debit_card,gift_card,GB,29.705115440234593,2,0,0,1
TXN100042,1236,2026-06-03 04:00:42,2026-01-05 02:31:16.649622185,8.76,credit_card,delivery,US,149.06209896270622,4,0,0,0
TXN100043,1282,2026-06-03 06:46:37,2025-09-21 09:47:29.668597877,6.72,credit_card,subscription,SA,254.87439040974678,6,0,0,0
TXN100044,1197,2026-06-03 08:20:17,2026-04-23 16:14:38.266859177,9.64,wallet,delivery,PK,40.6705871891299,8,0,0,0
TXN100045,1293,2026-06-03 09:34:28,2026-03-20 03:04:08.384688191,22.42,cash_on_delivery,subscription,SA,75.2710603624052,9,0,1,0
TXN100046,1180,2026-06-03 10:26:35,2026-05-28 15:57:49.025803883,10.63,cash_on_delivery,delivery,AE,5.769976553195799,10,0,0,0
TXN100047,1162,2026-06-03 10:54:43,2026-03-19 07:09:40.224929926,29.43,debit_card,dine_in_topup,GB,76.1562821188666,10,1,0,0
TXN100048,1244,2026-06-03 12:30:17,2026-04-20 03:16:33.160764276,15.8,debit_card,gift_card,AE,44.3845351763394,12,0,0,0
TXN100049,1260,2026-06-03 12:44:58,2026-02-07 03:34:20.057745636,16.74,credit_card,dine_in_topup,AE,116.382383590907,12,0,0,0
TXN100050,1020,2026-06-03 13:38:42,2026-03-15 04:41:36.786605733,8.58,credit_card,dine_in_topup,AE,80.37297700687809,13,0,0,0
TXN100051,1273,2026-06-03 15:06:02,2025-11-21 23:43:11.375065395,32.24,cash_on_delivery,gift_card,US,193.6408637145209,15,1,0,1
TXN100052,1207,2026-06-03 15:50:48,2026-03-29 06:00:38.262847632,25.11,debit_card,gift_card,SA,66.409834920745,15,1,0,0
TXN100053,1269,2026-06-03 18:07:43,2026-03-19 07:36:25.952768560,24.66,debit_card,subscription,PK,76.43839175036389,18,1,0,0
TXN100054,1214,2026-06-03 18:13:32,2025-10-22 05:42:32.823826694,13.81,debit_card,subscription,GB,224.52151824274657,18,0,0,0
TXN100055,1278,2026-06-03 18:37:40,2026-03-26 08:20:17.152961828,6.15,debit_card,delivery,SA,69.4287366555344,18,0,0,0
TXN100056,1082,2026-06-03 18:52:11,2026-02-05 03:13:29.269328232,17.34,cash_on_delivery,subscription,GB,118.65187188277508,18,0,0,0
TXN100057,1056,2026-06-04 05:15:16,2026-05-04 19:56:57.219014385,21.81,cash_on_delivery,subscription,SA,30.387717372518694,5,0,0,0
TXN100058,1058,2026-06-04 05:54:58,2025-12-15 16:10:50.529852875,21.95,wallet,subscription,PK,170.57230868225838,5,0,0,0
TXN100059,1075,2026-06-04 06:52:25,2026-01-31 07:00:04.593869208,20.07,debit_card,subscription,AE,123.9946806265138,6,0,0,0
TXN100060,1064,2026-06-04 07:28:47,2026-01-26 12:10:38.004272648,19.53,wallet,subscription,US,128.8042707838814,7,0,0,0
TXN100061,1132,2026-06-04 08:03:55,2026-01-19 21:46:03.016971887,9.54,debit_card,gift_card,US,135.42907387764018,8,0,0,0
TXN100062,1059,2026-06-04 08:20:59,2026-02-11 08:10:05.693814676,9.87,wallet,subscription,AE,113.00756141418199,8,0,0,0
TXN100063,1047,2026-06-04 10:05:55,2026-05-25 16:26:37.353374722,6.76,credit_card,delivery,AE,9.735620910014791,10,0,0,0
TXN100064,1157,2026-06-04 11:20:21,2026-04-21 09:51:13.161165640,29.65,wallet,subscription,SA,44.06189628280509,11,1,0,0
TXN100065,1238,2026-06-04 13:00:39,2025-09-26 02:39:36.893536499,47.83,credit_card,dine_in_topup,AE,251.43127438036458,13,1,0,0
TXN100066,1040,2026-06-04 14:15:23,2025-11-06 07:57:47.643804617,77.55,wallet,dine_in_topup,SA,210.2622147707799,14,1,0,0
TXN100067,1153,2026-06-04 20:25:19,2025-11-10 12:02:32.742596958,18.15,wallet,gift_card,PK,206.3491464977204,20,0,0,0
TXN100068,1197,2026-06-04 21:37:55,2025-06-17 19:24:15.327260829,19.56,credit_card,subscription,US,352.092820286333,21,0,0,0
TXN100069,1211,2026-06-04 21:41:32,2026-02-24 06:34:07.683929031,14.19,wallet,dine_in_topup,GB,100.63014254711769,21,0,0,0
TXN100070,1031,2026-06-04 23:29:06,2026-03-03 16:49:34.514964849,17.96,credit_card,delivery,SA,93.2774477434624,23,0,0,0
TXN100071,1220,2026-06-05 00:03:48,2026-03-13 18:56:13.863029144,7.98,debit_card,gift_card,GB,83.2135895482738,0,0,0,0
TXN100072,1008,2026-06-05 00:20:14,2026-05-27 22:38:30.944398687,14.0,credit_card,subscription,PK,8.07063721760779,0,0,0,1
TXN100073,1071,2026-06-05 01:21:35,2026-03-08 17:33:03.724117750,8.81,wallet,gift_card,GB,88.3253619893779,1,0,0,0
TXN100074,1095,2026-06-05 02:29:24,2025-12-27 17:57:47.787972455,12.79,wallet,subscription,AE,159.3552802318003,2,0,0,1
TXN100075,1255,2026-06-05 03:16:00,2026-04-26 12:49:45.163938592,9.34,debit_card,dine_in_topup,SA,39.60156060256259,3,0,0,1
TXN100076,1057,2026-06-05 03:40:01,2025-09-09 21:57:36.271623686,21.81,cash_on_delivery,dine_in_topup,GB,268.23778620805916,3,0,0,0
TXN100077,1234,2026-06-05 10:57:47,2026-02-04 17:41:23.172007835,23.61,wallet,dine_in_topup,PK,120.71972023139078,10,1,0,0
TXN100078,1296,2026-06-05 13:04:57,2026-01-12 21:31:46.673925252,19.17,wallet,subscription,AE,143.64803618142068,13,0,0,0
TXN100079,1287,2026-06-05 13:26:04,2026-02-12 19:11:48.687429358,9.9,credit_card,gift_card,SA,112.75989945104911,13,0,0,0
TXN100080,1090,2026-06-05 13:49:50,2025-11-12 21:39:35.833311889,6.44,wallet,delivery,SA,204.6737750774087,13,0,0,0
TXN100081,1028,2026-06-05 14:51:36,2026-03-23 07:08:14.607782771,23.78,wallet,subscription,GB,74.3217753728846,14,1,0,0
TXN100082,1066,2026-06-05 14:59:47,2026-03-03 20:30:57.417434675,15.74,cash_on_delivery,subscription,AE,93.7700183167283,14,0,0,0
TXN100083,1230,2026-06-05 16:49:18,2026-05-03 18:06:07.284823907,4.16,wallet,subscription,AE,32.946651796019594,16,0,0,0
TXN100084,1059,2026-06-05 18:59:06,2026-03-11 00:26:07.716521032,17.25,credit_card,subscription,GB,86.77289679952509,18,0,0,0
TXN100085,1193,2026-06-05 19:08:08,2026-05-04 04:02:48.077420250,19.66,wallet,delivery,US,32.628702807635996,19,0,0,0
TXN100086,1112,2026-06-05 19:49:03,2025-11-01 03:10:13.029245386,5.07,credit_card,subscription,AE,216.69363392077102,19,0,0,0
TXN100087,1230,2026-06-05 20:41:35,2026-02-23 14:12:00.451312524,22.06,debit_card,delivery,AE,102.2705387579569,20,0,1,0
TXN100088,1181,2026-06-05 21:40:17,2026-02-25 04:50:13.584907954,5.61,cash_on_delivery,subscription,PK,100.7014284154172,21,0,0,0
TXN100089,1175,2026-06-05 22:56:42,2025-11-25 19:28:23.840726014,9.17,cash_on_delivery,gift_card,US,192.1446546212267,22,0,0,0
TXN100090,1234,2026-06-05 23:18:24,2026-05-07 02:24:26.626686424,5.63,cash_on_delivery,dine_in_topup,US,29.87080293187009,23,0,1,0
TXN100091,1286,2026-06-05 23:38:30,2026-05-05 20:08:42.196008150,8.52,debit_card,subscription,US,31.1456921758316,23,0,0,0
TXN100092,1109,2026-06-06 00:20:28,2025-05-31 22:08:32.042744860,6.48,wallet,dine_in_topup,SA,370.0916198756382,0,0,0,0
TXN100093,1158,2026-06-06 04:34:43,2026-02-15 22:56:18.776862583,29.53,wallet,delivery,GB,110.23500258260898,4,1,0,0
TXN100094,1187,2026-06-06 06:12:15,2026-02-24 13:06:40.034405513,13.31,credit_card,subscription,US,101.71221024993619,6,0,0,0
TXN100095,1246,2026-06-06 06:34:35,2026-06-04 06:52:11.299187577,11.46,cash_on_delivery,delivery,AE,1.9877743149585994,6,0,0,0
TXN100096,1144,2026-06-06 09:23:18,2026-04-07 19:18:43.343322739,31.32,cash_on_delivery,dine_in_topup,GB,59.58651223006089,9,1,0,0
TXN100097,1112,2026-06-06 09:43:57,2025-09-02 06:41:19.169418901,30.3,credit_card,delivery,SA,277.1268267428368,9,1,1,0
TXN100098,1253,2026-06-06 10:26:21,2025-11-17 19:09:12.611848687,12.1,cash_on_delivery,dine_in_topup,PK,200.63690264064016,10,0,0,0
TXN100099,1285,2026-06-06 11:12:46,2026-04-06 04:41:00.903253118,18.92,debit_card,subscription,AE,61.2720497308667,11,0,0,0
TXN100100,1170,2026-06-06 13:29:03,2026-01-30 22:41:09.243301487,10.43,wallet,dine_in_topup,PK,126.61659440623278,13,0,0,0
TXN100101,1031,2026-06-06 13:35:21,2026-04-11 15:16:38.216257961,14.71,wallet,delivery,AE,55.929661848866196,13,0,0,0
TXN100102,1086,2026-06-06 14:35:04,2026-03-26 03:28:31.498094242,7.3,credit_card,delivery,PK,72.46287617946479,14,0,0,0
TXN100103,1138,2026-06-06 15:45:31,2026-04-15 11:40:34.044325859,20.75,credit_card,gift_card,US,52.17010365363589,15,0,0,0
TXN100104,1211,2026-06-06 16:31:34,2026-05-08 02:13:42.227116902,32.11,wallet,gift_card,SA,29.595738112072894,16,1,0,0
TXN100105,1200,2026-06-06 17:37:00,2026-03-04 00:59:17.407163983,28.59,cash_on_delivery,dine_in_topup,SA,94.69285408375019,17,1,0,0
TXN100106,1246,2026-06-06 18:17:37,2026-03-17 22:58:02.211106763,16.23,cash_on_delivery,dine_in_topup,AE,80.80526376033839,18,0,1,0
TXN100107,1008,2026-06-06 18:25:35,2025-06-02 18:57:40.109893803,3.92,debit_card,subscription,GB,368.9777186354884,18,0,0,0
TXN100108,1139,2026-06-06 21:15:39,2026-05-23 22:14:49.340776344,10.11,cash_on_delivery,delivery,AE,13.958908092866388,21,0,0,0
TXN100109,1210,2026-06-06 22:12:34,2026-03-27 03:33:32.902474722,14.7,debit_card,subscription,AE,71.7770960361722,22,0,0,0
TXN100110,1296,2026-06-07 00:06:49,2025-12-15 18:49:34.531846899,5.92,wallet,gift_card,GB,173.2203063443646,0,0,0,0
TXN100111,1042,2026-06-07 01:11:19,2026-03-11 17:21:28.947822595,5.25,debit_card,dine_in_topup,GB,87.3262737520533,1,0,0,0
TXN100112,1263,2026-06-07 02:39:46,2025-07-23 20:14:09.975342121,37.8,wallet,gift_card,US,318.2677780631699,2,1,0,0
TXN100113,1002,2026-06-07 03:34:24,2026-04-09 19:04:05.845687311,26.48,wallet,dine_in_topup,PK,58.35437678602649,3,1,0,0
TXN100114,1059,2026-06-07 04:01:58,2026-05-18 08:11:07.050997226,21.8,wallet,dine_in_topup,US,19.826978576420995,4,0,0,0
TXN100115,1254,2026-06-07 05:02:37,2025-09-21 23:35:45.151018728,24.55,debit_card,subscription,AE,258.2269889928388,5,1,0,0
TXN100116,1236,2026-06-07 07:58:17,2026-05-29 20:11:30.825475040,6.63,wallet,gift_card,PK,8.49081220515,7,0,0,0
TXN100117,1291,2026-06-07 08:06:36,2026-04-01 08:50:28.511750133,8.32,wallet,subscription,PK,66.96953111400309,8,0,0,0
TXN100118,1180,2026-06-07 08:27:57,2026-04-18 07:34:20.311917625,18.18,debit_card,dine_in_topup,US,50.03723018613859,8,0,0,0
TXN100119,1184,2026-06-07 10:48:03,2026-02-16 22:40:52.248880905,19.12,wallet,dine_in_topup,PK,110.5049855453599,10,0,0,0
TXN100120,1160,2026-06-07 11:19:06,2026-01-02 13:34:27.774473197,5.69,credit_card,gift_card,GB,155.9059979806343,11,0,0,0
TXN100121,1153,2026-06-07 16:26:50,2026-03-22 18:36:23.895704422,17.35,cash_on_delivery,subscription,PK,76.9100243552729,16,0,0,0
TXN100122,1154,2026-06-07 16:36:49,2025-10-24 12:47:20.266584153,14.88,credit_card,dine_in_topup,AE,226.15936034046123,16,0,0,0
TXN100123,1087,2026-06-07 17:14:52,2026-06-02 01:09:05.019437458,28.01,cash_on_delivery,subscription,SA,5.670682645399792,17,1,0,0
TXN100124,1256,2026-06-07 17:30:37,2026-04-21 18:19:51.335006547,19.19,cash_on_delivery,delivery,GB,46.965806307794594,17,0,0,0
TXN100125,1106,2026-06-07 18:51:31,2026-02-22 23:49:15.501074514,40.55,cash_on_delivery,dine_in_topup,US,104.7932349412672,18,1,0,1
TXN100126,1183,2026-06-07 19:46:26,2026-04-11 16:15:21.839954012,12.14,credit_card,dine_in_topup,PK,57.14657592645819,19,0,0,0
TXN100127,1200,2026-06-07 21:20:10,2026-05-20 05:32:08.527383111,6.94,credit_card,gift_card,PK,18.65835037751029,21,0,0,0
TXN100128,1161,2026-06-08 02:00:33,2026-05-11 14:22:45.708979957,39.87,credit_card,subscription,SA,27.484575127546798,2,1,0,0
TXN100129,1183,2026-06-08 05:02:39,2026-04-08 12:53:53.867589474,19.84,debit_card,dine_in_topup,GB,60.6727445880848,5,0,1,0
TXN100130,1014,2026-06-08 06:34:23,2026-04-18 18:34:08.048327487,14.94,cash_on_delivery,dine_in_topup,SA,50.500173051765195,6,0,0,0
TXN100131,1094,2026-06-08 09:15:53,2026-01-02 09:41:44.827328567,8.54,cash_on_delivery,delivery,SA,156.98203903554898,9,0,0,0
TXN100132,1134,2026-06-08 09:18:46,2026-01-17 05:40:53.032132348,12.24,wallet,delivery,PK,142.15130749846819,9,0,0,0
TXN100133,1118,2026-06-08 10:55:55,2026-01-25 00:11:07.785371221,11.8,cash_on_delivery,delivery,SA,134.4477686878331,10,0,0,0
TXN100134,1272,2026-06-08 12:12:02,2026-02-11 19:54:55.942548853,6.73,credit_card,subscription,US,116.6785423316105,12,0,0,0
TXN100135,1269,2026-06-08 12:18:21,2025-12-22 20:02:27.399273947,3.26,cash_on_delivery,dine_in_topup,GB,167.67770371210707,12,0,0,0
TXN100136,1213,2026-06-08 12:56:19,2025-06-18 13:38:26.525848891,11.62,debit_card,dine_in_topup,US,354.9707462286008,12,0,0,0
TXN100137,1105,2026-06-08 19:00:57,2026-04-27 21:37:41.084475346,24.95,wallet,subscription,GB,41.8911564296835,19,1,0,0
TXN100138,1015,2026-06-08 23:09:21,2025-09-23 10:38:30.120243806,33.85,cash_on_delivery,gift_card,SA,258.5214222194004,23,1,0,0
TXN100139,1226,2026-06-08 23:20:03,2026-06-07 03:52:59.191138285,28.71,wallet,dine_in_topup,SA,1.8104607507142938,23,1,0,0
TXN100140,1265,2026-06-08 23:57:56,2025-06-09 09:30:18.875054168,29.77,debit_card,delivery,US,364.60251302020635,23,1,0,0
TXN100141,1146,2026-06-09 01:03:08,2026-05-27 08:43:41.093111640,7.28,wallet,subscription,AE,12.680172533430092,1,0,0,0
TXN100142,1248,2026-06-09 05:13:02,2026-05-25 21:35:28.201947276,18.41,debit_card,dine_in_topup,GB,14.317752292276898,5,0,0,0
TXN100143,1279,2026-06-09 05:36:35,2026-04-01 20:25:53.753229589,21.91,wallet,gift_card,US,68.3824218376205,5,0,0,0
TXN100144,1164,2026-06-09 05:58:34,2026-05-20 06:05:03.172648963,22.82,debit_card,dine_in_topup,AE,19.9954956869333,5,0,0,0
TXN100145,1062,2026-06-09 11:22:41,2026-06-07 23:49:19.768976592,14.71,debit_card,subscription,GB,1.4814957294375928,11,0,0,0
TXN100146,1006,2026-06-09 12:05:25,2026-06-09 11:53:06.527196086,16.96,credit_card,delivery,PK,0.008547138934189815,12,0,0,0
TXN100147,1227,2026-06-09 14:50:45,2026-04-30 12:04:57.411897536,28.17,debit_card,subscription,US,40.115134121556295,14,1,0,0
TXN100148,1168,2026-06-09 16:04:50,2025-11-11 23:30:11.302798690,21.4,wallet,dine_in_topup,GB,209.69072566205222,16,0,0,0
TXN100149,1046,2026-06-09 18:58:54,2026-05-25 08:37:37.343442036,24.01,cash_on_delivery,dine_in_topup,SA,15.431442784235694,18,1,0,0
TXN100150,1016,2026-06-09 19:07:52,2026-02-19 14:09:13.203817120,11.25,credit_card,subscription,GB,110.20739347433889,19,0,0,0
TXN100151,1290,2026-06-09 19:38:35,2025-11-14 17:41:21.721740710,23.2,credit_card,gift_card,SA,207.08140368355657,19,0,0,0
TXN100152,1096,2026-06-09 21:15:04,2026-05-14 18:24:20.096273742,16.81,wallet,subscription,SA,26.118563700535393,21,0,0,0
TXN100153,1098,2026-06-09 23:26:11,2026-04-30 00:35:15.278682919,26.38,wallet,gift_card,AE,40.95203381154029,23,1,0,0
TXN100154,1188,2026-06-10 01:57:01,2024-10-10 11:29:10.615991324,9.54,credit_card,delivery,SA,607.6026664815818,1,0,0,0
TXN100155,1109,2026-06-10 03:34:13,2026-01-16 09:09:51.922962669,25.03,debit_card,dine_in_topup,AE,144.76691061385802,3,1,0,0
TXN100156,1273,2026-06-10 04:23:33,2026-03-15 12:16:28.962192093,12.35,credit_card,delivery,GB,86.6715745116656,4,0,0,0
TXN100157,1204,2026-06-10 08:04:59,2025-10-29 22:26:41.635249825,25.1,credit_card,gift_card,AE,223.40158986979372,8,1,0,0
TXN100158,1107,2026-06-10 08:48:35,2026-05-28 06:54:05.778301533,18.49,credit_card,gift_card,US,13.079504880769292,8,0,0,0
TXN100159,1079,2026-06-10 08:57:34,2025-12-06 15:56:29.660571352,16.01,wallet,subscription,GB,185.70907800264638,8,0,0,0
TXN100160,1258,2026-06-10 09:05:23,2025-12-28 08:56:00.492224913,12.81,cash_on_delivery,delivery,SA,164.00651050665613,9,0,0,0
TXN100161,1177,2026-06-10 09:56:17,2026-04-17 01:15:41.250862260,14.98,debit_card,subscription,SA,54.3615248742794,9,0,0,0
TXN100162,1275,2026-06-10 09:57:30,2026-04-27 18:34:07.699129864,11.64,credit_card,subscription,SA,43.64123033414509,9,0,0,0
TXN100163,1103,2026-06-10 12:57:33,2026-03-03 17:40:54.738381024,12.63,cash_on_delivery,subscription,US,98.80322062059,12,0,0,0
TXN100164,1006,2026-06-10 13:10:09,2025-12-18 07:28:48.559915564,21.03,debit_card,gift_card,SA,174.2370421306069,13,0,0,0
TXN100165,1269,2026-06-10 13:47:36,2025-11-29 20:15:40.969637346,4.6,credit_card,subscription,PK,192.73049803660479,13,0,0,0
TXN100166,1071,2026-06-10 17:29:57,2025-09-12 11:21:37.460340059,24.88,credit_card,dine_in_topup,SA,271.2557817090271,17,1,0,0
TXN100167,1253,2026-06-10 17:39:24,2026-05-17 14:16:19.623546847,25.15,debit_card,dine_in_topup,AE,24.1410228756152,17,1,0,0
TXN100168,1212,2026-06-10 20:29:20,2026-05-08 14:56:20.288604893,13.07,wallet,subscription,US,33.231246659665594,20,0,0,0
TXN100169,1069,2026-06-10 20:43:22,2025-12-30 15:20:19.832873189,17.25,debit_card,gift_card,SA,162.2243306380418,20,0,0,0
TXN100170,1227,2026-06-10 21:45:52,2026-05-17 17:06:55.744670531,7.93,debit_card,gift_card,GB,24.193706658905892,21,0,0,0
TXN100171,1024,2026-06-10 22:12:00,2026-06-09 20:14:20.139229018,20.16,debit_card,subscription,SA,1.0817113515159955,22,0,0,0
TXN100172,1117,2026-06-10 23:16:57,2026-05-13 09:09:45.278770424,8.62,cash_on_delivery,subscription,GB,28.588330106823797,23,0,0,0
TXN100173,1106,2026-06-10 23:20:12,2026-04-28 11:55:10.496360336,2.37,wallet,gift_card,GB,43.475711847681296,23,0,0,0
TXN100174,1197,2026-06-10 23:53:15,2026-04-28 04:57:23.931405254,33.04,wallet,gift_card,PK,43.788785516142894,23,1,0,1
TXN100175,1160,2026-06-11 00:02:27,2026-01-26 23:15:14.090208889,7.33,debit_card,dine_in_topup,SA,135.0327883077675,0,0,0,0
TXN100176,1183,2026-06-11 00:56:02,2026-02-09 06:11:50.814420021,14.76,wallet,delivery,GB,121.7806850182868,0,0,0,0
TXN100177,1142,2026-06-11 01:16:08,2026-03-31 21:56:01.273335153,17.69,cash_on_delivery,delivery,GB,71.1389667438061,1,0,0,0
TXN100178,1221,2026-06-11 02:14:03,2026-01-06 03:56:26.359510008,21.0,wallet,subscription,US,155.92889630196748,2,0,0,0
TXN100179,1048,2026-06-11 02:41:52,2026-03-22 13:41:49.991493982,15.65,cash_on_delivery,delivery,SA,80.5416899132641,2,0,0,0
TXN100180,1215,2026-06-11 04:20:41,2026-02-05 12:09:01.429903834,18.72,credit_card,delivery,US,125.67476354277971,4,0,0,0
TXN100181,1015,2026-06-11 05:27:00,2025-05-29 18:42:13.684287292,12.87,cash_on_delivery,dine_in_topup,PK,377.4477582837119,5,0,0,0
TXN100182,1025,2026-06-11 08:36:25,2025-12-23 14:16:09.518110282,5.16,cash_on_delivery,dine_in_topup,PK,169.76406807742728,8,0,0,0
TXN100183,1217,2026-06-11 08:50:31,2026-05-04 16:24:14.589928096,15.25,wallet,delivery,GB,37.68491215361,8,0,0,0
TXN100184,1047,2026-06-11 10:36:27,2026-05-21 20:24:36.247740233,22.89,cash_on_delivery,gift_card,GB,20.59155963263619,10,0,0,0
TXN100185,1231,2026-06-11 10:53:18,2025-07-05 04:59:17.986655783,7.64,wallet,delivery,AE,341.2458334877803,10,0,0,0
TXN100186,1039,2026-06-11 11:39:33,2026-02-01 22:26:13.632057915,17.8,debit_card,dine_in_topup,GB,129.5509186104408,11,0,0,0
TXN100187,1044,2026-06-11 12:15:59,2025-11-09 04:53:18.030842967,45.66,wallet,delivery,SA,214.3074186245027,12,1,0,0
TXN100188,1279,2026-06-11 13:12:39,2026-02-27 03:15:27.532311163,14.59,wallet,gift_card,US,104.41471606121338,13,0,0,0
TXN100189,1053,2026-06-11 13:20:06,2026-02-26 19:49:48.631209474,15.09,credit_card,subscription,SA,104.7293676943348,13,0,0,0
TXN100190,1274,2026-06-11 13:43:29,2024-01-28 20:31:52.715591720,4.88,credit_card,subscription,PK,864.7163921806515,13,0,0,0
TXN100191,1104,2026-06-11 14:53:05,2025-08-17 19:22:15.370867404,7.03,debit_card,dine_in_topup,US,297.8130744112569,14,0,0,0
TXN100192,1239,2026-06-11 16:47:07,2026-06-03 18:26:03.365113509,8.69,wallet,gift_card,US,7.9312920704454974,16,0,0,0
TXN100193,1281,2026-06-11 18:20:56,2026-05-20 01:25:53.840958471,22.32,credit_card,dine_in_topup,AE,22.7048861000177,18,0,0,0
TXN100194,1035,2026-06-11 19:00:42,2026-04-19 01:54:57.935345266,8.01,cash_on_delivery,gift_card,PK,53.712315563133494,19,0,0,0
TXN100195,1099,2026-06-11 23:32:05,2026-04-21 22:30:21.268890190,19.89,credit_card,gift_card,US,51.042867258215395,23,0,0,0
TXN100196,1172,2026-06-12 00:02:14,2026-05-19 10:11:12.526959595,9.24,cash_on_delivery,subscription,AE,23.577100382412095,0,0,0,0
TXN100197,1259,2026-06-12 02:02:01,2026-01-30 03:06:23.840638462,5.01,wallet,gift_card,AE,132.95529119631408,2,0,0,0
TXN100198,1056,2026-06-12 02:20:51,2026-04-06 10:26:59.914175367,24.09,debit_card,gift_card,AE,66.662396826674,2,1,0,0
TXN100199,1056,2026-06-12 03:27:14,2025-09-24 16:44:59.177153674,11.89,debit_card,subscription,US,260.44600489405474,3,0,1,0
TXN100200,1110,2026-06-12 06:51:14,2026-04-20 22:42:19.058545709,21.11,wallet,gift_card,SA,52.33952478535059,6,0,0,0
TXN100201,1061,2026-06-12 07:26:45,2026-03-14 19:32:49.760810280,4.89,credit_card,subscription,US,89.4957782313625,7,0,0,0
TXN100202,1080,2026-06-12 07:27:42,2026-04-07 15:25:12.887976603,3.08,wallet,subscription,US,65.6683925002708,7,0,0,0
TXN100203,1038,2026-06-12 10:23:56,2026-02-04 21:31:40.127766601,16.72,wallet,delivery,AE,127.53629481751621,10,0,0,0
TXN100204,1248,2026-06-12 10:26:23,2026-05-08 18:27:34.647231914,6.86,credit_card,subscription,US,34.66583741629729,10,0,0,0
TXN100205,1239,2026-06-12 11:27:55,2025-11-12 06:27:44.766700748,16.56,cash_on_delivery,delivery,AE,212.2084517742969,11,0,1,0
TXN100206,1043,2026-06-12 14:41:40,2025-04-28 05:06:17.857332734,16.79,wallet,dine_in_topup,SA,410.39956183642664,14,0,0,0
TXN100207,1161,2026-06-12 15:39:57,2026-06-04 08:35:29.254707133,15.42,credit_card,delivery,US,8.294765570519294,15,0,0,1
TXN100208,1193,2026-06-12 16:19:06,2026-06-12 03:45:45.854601955,29.62,wallet,dine_in_topup,US,0.5231498309958912,16,1,0,0
TXN100209,1188,2026-06-12 16:27:38,2026-04-09 20:25:37.589021744,19.67,debit_card,gift_card,PK,63.834726978915,16,0,0,0
TXN100210,1295,2026-06-12 18:06:38,2026-03-12 00:00:36.804089576,45.63,cash_on_delivery,delivery,SA,92.7541805082225,18,1,0,0
TXN100211,1192,2026-06-12 18:45:49,2026-01-08 03:12:28.800619770,12.11,debit_card,gift_card,US,155.6481504557897,18,0,0,0
TXN100212,1206,2026-06-12 19:30:05,2026-04-09 17:04:30.757507165,6.0,cash_on_delivery,delivery,PK,64.101090769593,19,0,0,0
TXN100213,1009,2026-06-12 20:09:44,2026-03-30 03:01:28.733772985,9.67,cash_on_delivery,delivery,PK,74.7140655813312,20,0,0,0
TXN100214,1023,2026-06-12 20:21:38,2026-02-21 07:13:39.707029815,12.61,credit_card,dine_in_topup,AE,111.54720246493268,20,0,0,0
TXN100215,1185,2026-06-12 21:43:19,2026-04-13 12:45:10.461609641,48.07,debit_card,gift_card,GB,60.3737099350736,21,1,0,0
TXN100216,1272,2026-06-12 23:01:18,2025-04-29 06:46:20.365642043,16.01,credit_card,subscription,PK,409.6770559532171,23,0,0,0
TXN100217,1119,2026-06-13 01:14:44,2026-06-05 01:10:30.690047884,30.33,debit_card,delivery,PK,8.00293182814949,1,1,0,0
TXN100218,1192,2026-06-13 02:45:34,2026-05-29 16:16:38.288502185,11.44,credit_card,subscription,US,14.436755920113601,2,0,1,0
TXN100219,1063,2026-06-13 03:07:40,2026-03-15 14:49:01.003212948,10.51,wallet,gift_card,US,89.51295135170199,3,0,0,0
TXN100220,1136,2026-06-13 06:36:27,2026-05-07 02:42:22.070421113,4.76,credit_card,subscription,SA,37.16255705531119,6,0,0,0
TXN100221,1225,2026-06-13 06:43:00,2025-11-17 18:16:38.549981022,47.1,wallet,delivery,GB,207.5183038196641,6,1,0,0
TXN100222,1197,2026-06-13 06:53:01,2026-04-23 02:23:42.025433418,36.85,debit_card,gift_card,GB,51.187025168594694,6,1,0,0
TXN100223,1034,2026-06-13 07:41:18,2026-05-16 21:01:12.340215871,17.93,cash_on_delivery,gift_card,AE,27.444509951205195,7,0,0,0
TXN100224,1263,2026-06-13 07:57:17,2026-05-23 03:16:39.808572945,13.12,cash_on_delivery,gift_card,GB,21.1948749007761,7,0,0,0
TXN100225,1278,2026-06-13 09:18:12,2026-02-17 05:58:02.419061750,16.41,wallet,dine_in_topup,US,116.1389997793779,9,0,0,0
TXN100226,1143,2026-06-13 10:33:19,2026-05-23 00:10:20.017290880,5.84,debit_card,gift_card,AE,21.432627114688888,10,0,0,0
TXN100227,1102,2026-06-13 12:56:41,2026-04-06 14:25:28.401628621,21.08,wallet,dine_in_topup,AE,67.938340258928,12,0,0,0
TXN100228,1159,2026-06-13 14:58:24,2026-01-27 10:20:07.003692263,34.94,wallet,subscription,SA,137.1932522720803,14,1,0,0
TXN100229,1240,2026-06-13 14:58:30,2026-01-09 17:58:11.822698192,36.05,credit_card,subscription,US,154.87521038543758,14,1,0,0
TXN100230,1135,2026-06-13 15:58:23,2026-04-17 03:12:26.233481565,4.89,debit_card,dine_in_topup,US,57.531907019889296,15,0,0,0
TXN100231,1009,2026-06-13 17:06:29,2026-06-08 01:16:41.143867339,30.15,cash_on_delivery,dine_in_topup,GB,5.659581668202095,17,1,1,0
TXN100232,1021,2026-06-13 17:10:11,2026-04-20 13:51:48.192137669,5.87,debit_card,gift_card,AE,54.13776397988809,17,0,0,0
TXN100233,1243,2026-06-13 19:39:55,2026-04-09 15:19:36.090112700,3.2,credit_card,gift_card,AE,65.18077441999189,19,0,0,0
TXN100234,1236,2026-06-13 20:38:32,2026-03-31 13:49:14.096417477,30.88,cash_on_delivery,dine_in_topup,SA,74.28423499516809,20,1,0,0
TXN100235,1231,2026-06-13 20:58:23,2026-05-12 02:51:48.186054768,10.82,cash_on_delivery,subscription,SA,32.75456960584759,20,0,0,0
TXN100236,1037,2026-06-13 23:57:50,2025-01-25 04:52:48.624878258,28.15,wallet,dine_in_topup,US,504.79515480464977,23,1,0,0
TXN100237,1051,2026-06-14 02:22:03,2025-12-29 23:46:21.033731779,26.56,wallet,subscription,SA,166.1081246095859,2,1,0,1
TXN100238,1118,2026-06-14 03:37:36,2026-06-02 21:35:15.439726221,24.43,debit_card,delivery,AE,11.25162685502059,3,1,0,0
TXN100239,1069,2026-06-14 04:40:51,2026-06-04 00:53:50.403805301,16.28,debit_card,gift_card,GB,10.157645789290498,4,0,0,0
TXN100240,1116,2026-06-14 04:44:03,2026-04-03 11:45:15.287505790,6.32,cash_on_delivery,subscription,PK,71.7074966723867,4,0,0,0
TXN100241,1167,2026-06-14 04:53:29,2025-12-04 00:44:37.028920584,12.63,cash_on_delivery,delivery,GB,192.1728237393451,4,0,0,0
TXN100242,1084,2026-06-14 05:35:43,2026-06-03 19:58:42.583914962,36.44,debit_card,subscription,PK,10.400699260243496,5,1,0,0
TXN100243,1037,2026-06-14 05:55:48,2025-12-02 13:46:04.840190815,28.61,debit_card,delivery,AE,193.67341620149517,5,1,1,0
TXN100244,1120,2026-06-14 06:48:27,2026-02-05 19:18:06.481475269,13.08,credit_card,dine_in_topup,SA,128.4794041495918,6,0,0,0
TXN100245,1216,2026-06-14 06:58:13,2025-11-25 23:04:30.891714097,12.97,credit_card,subscription,AE,200.3289595866424,6,0,0,0
TXN100246,1185,2026-06-14 08:07:21,2025-11-18 20:36:19.207259021,23.04,debit_card,gift_card,US,207.47988186042798,8,0,0,0
TXN100247,1096,2026-06-14 08:17:39,2025-12-29 22:00:25.205355888,17.07,wallet,delivery,SA,166.428631882455,8,0,0,0
TXN100248,1093,2026-06-14 09:25:32,2026-02-20 20:45:24.307121015,13.55,wallet,dine_in_topup,SA,113.52786681572898,9,0,0,0
TXN100249,1175,2026-06-14 11:16:53,2025-10-06 06:42:58.731317785,21.8,cash_on_delivery,dine_in_topup,US,251.1902114430812,11,0,0,0
TXN100250,1051,2026-06-14 12:33:42,2026-02-14 12:09:59.443085881,21.33,debit_card,delivery,PK,120.01646477909863,12,0,1,0
TXN100251,1250,2026-06-14 12:47:57,2026-03-04 07:11:03.964570424,9.86,credit_card,gift_card,AE,102.2339471693238,12,0,0,0
TXN100252,1260,2026-06-14 14:58:50,2026-03-16 13:49:22.436050790,19.37,cash_on_delivery,delivery,GB,90.0482356938566,14,0,0,0
TXN100253,1007,2026-06-14 15:01:37,2025-12-28 13:57:41.208527295,20.5,cash_on_delivery,gift_card,AE,168.04439573463776,15,0,0,0
TXN100254,1291,2026-06-14 17:40:48,2026-05-03 21:20:17.530233787,15.46,wallet,delivery,GB,41.84757488155339,17,0,0,0
TXN100255,1007,2026-06-14 17:59:20,2025-01-15 12:38:22.763136849,9.14,credit_card,delivery,SA,515.2228846859161,17,0,1,0
TXN100256,1137,2026-06-14 18:48:26,2025-12-03 15:10:38.253108403,12.36,debit_card,gift_card,GB,193.15124707050458,18,0,0,0
TXN100257,1200,2026-06-14 20:47:48,2026-05-24 09:10:29.910698888,7.91,wallet,subscription,GB,21.484237144688798,20,0,0,0
TXN100258,1098,2026-06-14 22:46:06,2026-01-13 14:19:26.793514358,19.71,cash_on_delivery,dine_in_topup,US,152.3518426676579,22,0,0,0
TXN100259,1061,2026-06-14 23:44:03,2026-01-07 16:42:43.431637586,4.91,wallet,dine_in_topup,PK,158.2925875967872,23,0,0,0
TXN100260,1014,2026-06-15 00:24:42,2026-05-30 06:30:55.692428010,38.83,debit_card,dine_in_topup,US,15.745674856157292,0,1,0,0
TXN100261,1218,2026-06-15 02:05:17,2026-04-08 18:55:12.730000001,33.9,debit_card,gift_card,SA,67.2986605324074,2,1,0,0
TXN100262,1011,2026-06-15 03:51:53,2026-05-05 01:30:06.783973076,20.82,debit_card,dine_in_topup,GB,41.0984515743857,3,0,0,1
TXN100263,1145,2026-06-15 04:46:59,2026-05-22 00:55:03.776848037,27.55,credit_card,dine_in_topup,GB,24.16105582351809,4,1,0,0
TXN100264,1117,2026-06-15 04:54:27,2026-05-10 19:02:28.794932155,26.38,credit_card,gift_card,SA,35.41109033643339,4,1,0,0
TXN100265,1290,2026-06-15 05:17:40,2026-01-01 21:20:34.870857313,17.25,cash_on_delivery,subscription,AE,164.3313093650774,5,0,0,0
TXN100266,1279,2026-06-15 05:42:20,2026-03-22 17:18:23.640854958,13.8,debit_card,gift_card,AE,84.51662452714169,5,0,0,0
TXN100267,1245,2026-06-15 08:33:07,2026-05-04 12:13:31.061464912,12.77,cash_on_delivery,dine_in_topup,SA,41.846943733045,8,0,0,0
TXN100268,1219,2026-06-15 08:33:44,2026-05-18 16:24:04.261785895,39.74,debit_card,subscription,US,27.673376599700287,8,1,0,0
TXN100269,1162,2026-06-15 10:06:39,2025-11-11 02:02:04.363241231,8.92,cash_on_delivery,dine_in_topup,GB,216.33651199952277,10,0,0,0
TXN100270,1104,2026-06-15 13:08:16,2026-04-02 13:25:31.081422232,9.04,credit_card,subscription,GB,73.98801989094639,13,0,0,0
TXN100271,1049,2026-06-15 13:16:24,2026-01-21 12:52:54.416432642,29.11,credit_card,dine_in_topup,PK,145.0163146246222,13,1,0,0
TXN100272,1290,2026-06-15 14:59:41,2026-04-09 22:33:10.094404444,27.38,wallet,gift_card,AE,66.68507992587449,14,1,1,0
TXN100273,1115,2026-06-15 15:10:27,2026-05-10 18:59:41.750627518,13.27,cash_on_delivery,delivery,AE,35.84080149736669,15,0,0,0
TXN100274,1128,2026-06-15 15:43:27,2025-12-29 12:28:53.515538833,22.28,credit_card,delivery,PK,168.1351097738561,15,0,0,0
TXN100275,1042,2026-06-15 15:55:19,2026-03-20 21:01:42.561680179,24.2,wallet,gift_card,GB,86.7872272953683,15,1,0,0
TXN100276,1083,2026-06-15 16:13:31,2026-02-11 13:55:33.380064259,6.11,credit_card,dine_in_topup,SA,124.09580578629328,16,0,0,0
TXN100277,1190,2026-06-15 21:13:10,2025-10-31 21:38:21.995781633,35.29,wallet,gift_card,SA,226.9825000488237,21,1,0,0
TXN100278,1127,2026-06-15 21:13:40,2025-08-10 21:30:38.496621731,24.2,wallet,subscription,PK,308.9882118446559,21,1,0,0
TXN100279,1175,2026-06-15 21:57:12,2026-01-13 22:45:56.215946632,21.07,wallet,subscription,US,152.9661549080251,21,0,0,0
TXN100280,1063,2026-06-15 22:26:49,2026-02-18 18:51:01.192058993,24.32,debit_card,delivery,AE,117.14985888820611,22,1,0,0
TXN100281,1024,2026-06-16 00:44:38,2025-12-07 01:40:20.755128971,19.45,debit_card,gift_card,PK,190.96131070452577,0,0,0,0
TXN100282,1265,2026-06-16 03:42:05,2026-05-08 07:20:00.792211509,14.87,wallet,delivery,GB,38.8486598123668,3,0,0,0
TXN100283,1129,2026-06-16 04:29:30,2026-04-30 12:50:46.538557548,17.35,debit_card,delivery,SA,46.65189191484319,4,0,0,0
TXN100284,1108,2026-06-16 06:03:17,2026-01-10 00:04:36.871198896,5.74,wallet,delivery,PK,157.2490755648276,6,0,0,0
TXN100285,1085,2026-06-16 07:04:55,2026-04-30 22:43:25.832761008,49.8,credit_card,delivery,GB,46.3482542504513,7,1,0,0
TXN100286,1197,2026-06-16 08:10:44,2026-05-01 16:55:09.443129708,14.71,debit_card,delivery,PK,45.635816630443195,8,0,0,0
TXN100287,1168,2026-06-16 10:39:24,2025-10-04 06:21:39.925659080,49.26,credit_card,dine_in_topup,SA,255.1789823419088,10,1,0,0
TXN100288,1116,2026-06-16 12:04:37,2025-11-25 11:32:38.930343230,17.54,credit_card,delivery,PK,203.0221998802867,12,0,0,0
TXN100289,1279,2026-06-16 12:18:02,2026-04-29 16:34:23.064613201,10.44,debit_card,delivery,US,47.82197841882869,12,0,0,0
TXN100290,1270,2026-06-16 12:20:34,2026-04-04 19:02:42.523502883,34.65,debit_card,delivery,PK,72.7207346816796,12,1,0,0
TXN100291,1059,2026-06-16 12:25:09,2025-11-19 07:21:36.489706052,20.52,credit_card,gift_card,US,209.210792943217,12,0,0,0
TXN100292,1192,2026-06-16 12:46:06,2026-06-04 16:40:00.764310518,61.2,credit_card,dine_in_topup,US,11.837560598257893,12,1,0,0
TXN100293,1290,2026-06-16 13:33:26,2026-01-14 11:00:24.835357713,10.26,cash_on_delivery,gift_card,US,153.1062634796561,13,0,1,0
TXN100294,1146,2026-06-16 13:37:24,2026-05-25 01:14:09.269357619,35.57,wallet,gift_card,SA,22.516142715768297,13,1,0,0
TXN100295,1009,2026-06-16 13:51:52,2025-10-25 03:27:11.023951504,36.77,wallet,dine_in_topup,SA,234.4338075931539,13,1,0,0
TXN100296,1039,2026-06-16 16:19:20,2026-03-31 18:22:08.260018867,25.51,wallet,subscription,AE,76.91471921274459,16,1,0,0
TXN100297,1200,2026-06-16 17:12:41,2026-05-26 15:45:46.835037528,36.97,credit_card,dine_in_topup,SA,21.06034913151009,17,1,0,0
TXN100298,1270,2026-06-16 19:22:11,2026-06-16 17:58:30.524329479,14.94,wallet,dine_in_topup,US,0.05810735729769676,19,0,1,0
TXN100299,1038,2026-06-16 19:45:44,2026-06-12 22:14:33.957610693,8.89,cash_on_delivery,gift_card,PK,3.8966440091354975,19,0,0,0
TXN100300,1164,2026-06-16 21:00:36,2026-04-30 05:55:02.714183994,11.1,debit_card,dine_in_topup,GB,47.62885747472229,21,0,0,0
TXN100301,1149,2026-06-16 22:51:59,2025-12-14 10:42:41.983557515,16.75,cash_on_delivery,delivery,GB,184.50644694956577,22,0,0,0
TXN100302,1085,2026-06-16 23:16:29,2026-06-12 15:09:03.656317648,26.36,cash_on_delivery,dine_in_topup,AE,4.338487774101296,23,1,1,0
TXN100303,1189,2026-06-16 23:20:34,2026-01-07 11:33:56.561906538,9.32,wallet,dine_in_topup,US,160.49071108904468,23,0,0,0
TXN100304,1263,2026-06-16 23:46:13,2025-09-21 11:58:59.677181364,12.77,credit_card,dine_in_topup,US,268.491126421512,23,0,0,0
TXN100305,1071,2026-06-17 01:00:44,2026-04-26 13:37:01.634400782,9.85,wallet,gift_card,PK,51.47479589813909,1,0,0,0
TXN100306,1016,2026-06-17 02:37:37,2026-01-07 15:01:57.306151182,29.42,cash_on_delivery,dine_in_topup,AE,160.4830983084354,2,1,0,0
TXN100307,1107,2026-06-17 05:24:19,2026-06-15 06:09:31.927840970,49.02,wallet,gift_card,US,1.9686003722109955,5,1,0,0
TXN100308,1094,2026-06-17 06:50:44,2026-06-01 16:44:25.716223428,7.87,cash_on_delivery,dine_in_topup,AE,15.587711617784398,6,0,0,0
TXN100309,1218,2026-06-17 09:41:41,2026-05-14 02:40:03.672770079,22.97,wallet,gift_card,SA,34.292793139235194,9,0,0,0
TXN100310,1161,2026-06-17 10:04:14,2026-04-11 22:02:08.009868974,31.8,debit_card,gift_card,AE,66.5014582191091,10,1,0,0
TXN100311,1005,2026-06-17 10:06:43,2026-01-19 20:04:45.269193368,14.06,cash_on_delivery,subscription,GB,148.5846959584101,10,0,0,0
TXN100312,1101,2026-06-17 10:49:38,2025-11-20 16:59:46.323433300,5.95,credit_card,gift_card,PK,208.74295921952202,10,0,0,0
TXN100313,1220,2026-06-17 11:26:29,2026-04-21 09:26:37.110582526,34.45,debit_card,delivery,AE,57.08323946085039,11,1,0,0
TXN100314,1143,2026-06-17 11:33:50,2026-03-23 03:29:28.726880180,5.7,credit_card,gift_card,SA,86.3363573277757,11,0,0,0
TXN100315,1168,2026-06-17 13:55:57,2025-02-20 18:13:37.980533833,40.98,wallet,dine_in_topup,SA,481.8210534660436,13,1,0,0
TXN100316,1079,2026-06-17 15:01:33,2026-03-14 11:59:23.643706174,9.7,cash_on_delivery,subscription,SA,95.12649717932669,15,0,0,0
TXN100317,1095,2026-06-17 16:48:34,2026-04-14 19:05:10.155139917,5.16,cash_on_delivery,gift_card,PK,63.905137093288005,16,0,0,0
TXN100318,1039,2026-06-17 17:23:34,2025-11-22 20:20:10.502197444,11.67,credit_card,subscription,SA,206.87735529864068,17,0,0,0
TXN100319,1024,2026-06-17 19:33:17,2024-08-31 14:38:32.525967846,15.87,wallet,delivery,AE,655.2046814124092,19,0,0,0
TXN100320,1011,2026-06-17 19:35:29,2026-04-14 01:33:01.084904301,18.16,cash_on_delivery,subscription,PK,64.7517119802743,19,0,0,0
TXN100321,1187,2026-06-17 19:42:08,2026-02-05 09:29:34.113627234,24.22,cash_on_delivery,gift_card,PK,132.4253922033885,19,1,0,0
TXN100322,1047,2026-06-17 21:45:33,2025-08-26 12:07:14.065823883,19.26,wallet,gift_card,GB,295.4016080344458,21,0,0,0
TXN100323,1172,2026-06-17 23:15:52,2026-04-25 07:26:04.035850552,46.51,credit_card,subscription,US,53.65958291839639,23,1,0,0
TXN100324,1285,2026-06-18 00:20:57,2026-04-08 08:53:53.914051416,15.38,debit_card,subscription,US,70.6437857169975,0,0,0,0
TXN100325,1209,2026-06-18 00:46:26,2026-03-16 15:28:58.457085241,19.94,cash_on_delivery,gift_card,SA,93.38712433929119,0,0,0,1
TXN100326,1172,2026-06-18 01:04:24,2026-03-07 04:56:07.347260267,18.86,wallet,subscription,PK,102.8390816289321,1,0,1,0
TXN100327,1035,2026-06-18 01:13:29,2026-01-08 11:29:35.498794845,4.76,debit_card,dine_in_topup,PK,160.5721470046893,1,0,0,0
TXN100328,1146,2026-06-18 01:13:33,2026-01-24 23:25:26.875520336,6.89,credit_card,gift_card,SA,144.0750708851813,1,0,0,0
TXN100329,1267,2026-06-18 02:17:26,2026-04-13 14:09:39.089635084,16.8,wallet,dine_in_topup,GB,65.50540405514948,2,0,0,0
TXN100330,1115,2026-06-18 03:01:37,2025-08-13 22:58:26.394525090,21.55,debit_card,subscription,GB,308.16887274855225,3,0,0,0
TXN100331,1247,2026-06-18 05:29:14,2026-04-10 22:35:06.218206077,3.68,debit_card,delivery,US,68.2875900670593,5,0,0,0
TXN100332,1212,2026-06-18 06:05:46,2026-05-16 23:10:39.837488391,47.87,cash_on_delivery,dine_in_topup,PK,32.28826576981029,6,1,0,0
TXN100333,1080,2026-06-18 07:12:48,2026-02-21 01:02:15.093031968,22.69,credit_card,delivery,US,117.25732531212999,7,0,0,0
TXN100334,1042,2026-06-18 08:16:40,2025-11-10 03:34:15.412536144,16.17,credit_card,dine_in_topup,SA,220.19611791046128,8,0,0,0
TXN100335,1005,2026-06-18 08:27:06,2026-05-11 19:47:38.200718269,22.01,cash_on_delivery,delivery,PK,37.527405084279295,8,0,1,0
TXN100336,1082,2026-06-18 10:26:31,2026-03-03 01:08:07.789808725,11.22,cash_on_delivery,delivery,PK,107.3877686364731,10,0,0,0
TXN100337,1099,2026-06-18 11:52:38,2026-05-01 13:23:54.208654106,18.29,debit_card,delivery,AE,47.93661795539229,11,0,0,0
TXN100338,1196,2026-06-18 12:42:22,2026-06-14 13:51:26.543818253,20.25,cash_on_delivery,dine_in_topup,US,3.9520307428442942,12,0,0,0
TXN100339,1171,2026-06-18 18:16:36,2026-05-16 09:13:42.186989100,34.7,credit_card,subscription,GB,33.37701172466319,18,1,0,0
TXN100340,1143,2026-06-18 19:04:16,2026-01-29 06:48:53.408643987,14.47,credit_card,dine_in_topup,PK,140.51067814069458,19,0,0,0
TXN100341,1216,2026-06-18 20:04:23,2026-01-01 04:43:06.826121402,5.81,debit_card,gift_card,SA,168.63977053100228,20,0,0,0
TXN100342,1231,2026-06-18 20:57:16,2026-05-18 02:16:24.361056980,8.73,wallet,dine_in_topup,PK,31.778375450729396,20,0,0,0
TXN100343,1214,2026-06-18 21:34:50,2026-02-19 11:38:44.479734733,13.69,credit_card,dine_in_topup,AE,119.413952780848,21,0,0,0
TXN100344,1269,2026-06-18 21:37:40,2026-04-12 14:07:03.280391522,6.25,credit_card,delivery,SA,67.31292499546849,21,0,0,0
TXN100345,1107,2026-06-19 01:05:04,2026-02-27 15:00:11.569792783,8.08,cash_on_delivery,delivery,AE,111.42005127554647,1,0,0,0
TXN100346,1247,2026-06-19 01:32:55,2026-06-14 09:23:26.392621465,8.78,wallet,gift_card,US,4.673247770584895,1,0,1,1
TXN100347,1126,2026-06-19 01:53:22,2026-05-31 04:50:24.037157304,13.08,wallet,subscription,US,18.8770597551238,1,0,0,0
TXN100348,1055,2026-06-19 03:46:07,2026-05-24 02:48:03.560713413,22.5,cash_on_delivery,delivery,AE,26.040317584335497,3,0,0,0
TXN100349,1043,2026-06-19 04:14:00,2026-05-09 02:53:03.982634862,12.66,credit_card,gift_card,US,41.0562039046891,4,0,0,0
TXN100350,1027,2026-06-19 05:56:54,2026-04-14 12:25:17.927142205,23.49,cash_on_delivery,dine_in_topup,GB,65.7302786210393,5,1,0,0
TXN100351,1286,2026-06-19 06:30:54,2026-04-11 21:07:31.128042677,16.18,debit_card,gift_card,PK,68.39123694395049,6,0,0,0
TXN100352,1050,2026-06-19 07:52:53,2026-04-13 09:29:49.444850280,8.27,cash_on_delivery,delivery,SA,66.9326800364551,7,0,0,0
TXN100353,1250,2026-06-19 08:10:12,2026-06-02 13:59:33.006177405,20.48,cash_on_delivery,delivery,PK,16.757395761835593,8,0,0,0
TXN100354,1235,2026-06-19 08:23:21,2025-07-07 12:42:13.915964795,18.45,credit_card,delivery,SA,346.8202208800371,8,0,0,0
TXN100355,1131,2026-06-19 08:38:18,2026-04-30 00:59:47.293342408,23.9,credit_card,dine_in_topup,SA,50.31841095668509,8,1,0,0
TXN100356,1274,2026-06-19 08:51:33,2026-03-15 00:09:33.676412036,27.13,wallet,subscription,SA,96.362492171157,8,1,0,0
TXN100357,1272,2026-06-19 08:58:35,2025-10-24 06:21:26.750339482,35.4,wallet,subscription,GB,238.10912325995974,8,1,0,0
TXN100358,1277,2026-06-19 09:58:33,2026-06-02 23:44:19.876413963,22.99,credit_card,subscription,SA,16.426540782245798,9,0,0,0
TXN100359,1149,2026-06-19 10:08:42,2026-03-10 23:25:07.816429748,18.05,debit_card,subscription,SA,100.446923420952,10,0,0,0
TXN100360,1089,2026-06-19 10:47:39,2026-04-20 17:06:30.522897131,23.97,cash_on_delivery,dine_in_topup,GB,59.7369036701721,10,1,0,0
TXN100361,1013,2026-06-19 12:48:57,2025-11-30 02:47:11.693599693,11.82,cash_on_delivery,gift_card,SA,201.41788549074428,12,0,0,0
TXN100362,1252,2026-06-19 14:48:15,2026-04-01 12:42:38.273537363,11.24,credit_card,subscription,AE,79.0872306303546,14,0,0,0
TXN100363,1261,2026-06-19 19:16:10,2026-04-28 21:38:27.210620938,38.49,wallet,subscription,SA,51.901189691887296,19,1,0,0
TXN100364,1160,2026-06-19 21:37:49,2026-06-18 07:12:05.313554258,11.01,credit_card,dine_in_topup,SA,1.6012000746034953,21,0,0,0
TXN100365,1021,2026-06-19 22:27:34,2025-07-30 16:37:24.036209134,8.94,debit_card,gift_card,GB,324.2431708772091,22,0,0,0
TXN100366,1246,2026-06-20 00:04:03,2026-06-06 07:31:39.665706511,22.98,credit_card,subscription,PK,13.689158961730199,0,0,0,0
TXN100367,1089,2026-06-20 00:19:12,2026-02-22 16:30:40.757080698,11.89,wallet,delivery,AE,117.32536160786229,0,0,1,0
TXN100368,1164,2026-06-20 04:43:21,2026-05-06 16:11:12.284564301,26.96,credit_card,gift_card,PK,44.522323095320594,4,1,0,0
TXN100369,1197,2026-06-20 04:51:25,2025-05-20 18:43:37.605360713,33.76,credit_card,subscription,US,395.42207632684364,4,1,0,0
TXN100370,1043,2026-06-20 05:12:45,2026-05-31 05:36:46.858255658,9.81,credit_card,gift_card,US,19.9833118257447,5,0,0,0
TXN100371,1018,2026-06-20 08:16:40,2025-07-30 03:19:06.208034674,24.79,credit_card,gift_card,SA,325.2066411107098,8,1,0,0
TXN100372,1023,2026-06-20 09:14:41,2025-02-09 01:15:33.852890678,10.83,credit_card,dine_in_topup,AE,496.3327216100616,9,0,0,0
TXN100373,1287,2026-06-20 10:41:35,2026-05-13 12:42:54.575379454,13.89,wallet,gift_card,PK,37.91574565533039,10,0,0,0
TXN100374,1287,2026-06-20 12:51:45,2026-06-07 03:21:30.098893513,19.87,cash_on_delivery,subscription,GB,13.3960057998436,12,0,1,0
TXN100375,1128,2026-06-20 14:46:45,2026-02-13 01:29:47.935488170,11.25,debit_card,dine_in_topup,PK,127.5534382466647,14,0,0,0
TXN100376,1127,2026-06-20 14:55:21,2026-05-14 22:04:03.195739465,18.71,cash_on_delivery,gift_card,SA,36.702289401163604,14,0,0,0
TXN100377,1122,2026-06-20 16:33:40,2026-05-04 15:25:37.977044071,14.67,wallet,delivery,PK,47.04724563606399,16,0,0,0
TXN100378,1105,2026-06-20 16:52:39,2026-01-09 08:48:36.364110504,27.35,debit_card,gift_card,US,162.3361416190914,16,1,0,0
TXN100379,1163,2026-06-20 17:44:39,2025-10-09 10:35:17.534478816,27.39,credit_card,dine_in_topup,SA,254.29816511019888,17,1,0,0
TXN100380,1106,2026-06-20 19:22:07,2026-03-01 05:05:57.719110120,11.29,cash_on_delivery,delivery,US,111.59455186215139,19,0,0,0
TXN100381,1184,2026-06-20 21:34:14,2025-12-05 18:45:23.632657015,20.16,credit_card,delivery,SA,197.11724962202527,21,0,0,0
TXN100382,1113,2026-06-20 22:04:19,2026-06-06 06:16:53.525742179,30.06,debit_card,delivery,US,14.657933729835891,22,1,0,0
TXN100383,1188,2026-06-20 22:10:00,2025-08-24 10:39:29.979991323,7.99,credit_card,subscription,GB,300.4795141204708,22,0,0,0
TXN100384,1283,2026-06-21 01:23:24,2026-06-04 12:45:05.860651007,14.61,cash_on_delivery,dine_in_topup,GB,16.52659883505779,1,0,0,0
TXN100385,1061,2026-06-21 01:59:18,2026-06-06 18:03:39.880495324,19.59,cash_on_delivery,subscription,US,14.330302309081898,1,0,0,0
TXN100386,1018,2026-06-21 03:25:52,2026-05-15 12:02:21.222917048,7.76,debit_card,dine_in_topup,PK,36.64132843846009,3,0,1,0
TXN100387,1157,2026-06-21 03:30:42,2026-03-23 05:01:07.391197423,12.21,debit_card,delivery,SA,89.93720612040019,3,0,0,0
TXN100388,1035,2026-06-21 05:47:19,2026-05-30 08:16:30.167203792,43.49,wallet,subscription,PK,21.89639852773389,5,1,0,0
TXN100389,1069,2026-06-21 06:11:14,2025-08-16 00:18:26.685962864,10.99,wallet,delivery,AE,309.244992060615,6,0,0,0
TXN100390,1236,2026-06-21 06:18:44,2026-05-21 23:45:32.712260023,11.83,debit_card,delivery,GB,30.273047311805286,6,0,0,0
TXN100391,1125,2026-06-21 07:17:15,2025-10-06 20:31:31.051929392,22.82,debit_card,subscription,GB,257.4484253248913,7,0,0,0
TXN100392,1164,2026-06-21 08:55:57,2025-08-25 18:37:45.470992167,7.13,credit_card,dine_in_topup,US,299.595966770924,8,0,0,0
TXN100393,1232,2026-06-21 13:19:03,2026-04-14 07:28:14.281870633,14.82,debit_card,gift_card,US,68.2436194227936,13,0,0,0
TXN100394,1038,2026-06-21 13:27:27,2025-09-24 21:50:35.434450827,9.0,wallet,gift_card,US,269.6505968234858,13,0,0,0
TXN100395,1143,2026-06-21 13:29:56,2025-12-03 18:53:05.604107796,18.69,wallet,gift_card,SA,199.7755832857894,13,0,0,0
TXN100396,1010,2026-06-21 14:52:51,2026-04-19 23:16:50.905854863,2.45,cash_on_delivery,delivery,AE,62.650001089642785,14,0,0,0
TXN100397,1149,2026-06-21 17:20:40,2025-12-02 10:25:02.727992547,17.04,wallet,delivery,SA,201.28862583341956,17,0,0,0
TXN100398,1067,2026-06-21 18:48:16,2026-02-03 11:38:40.649180487,19.95,cash_on_delivery,gift_card,PK,138.29832581967028,18,0,0,0
TXN100399,1273,2026-06-21 19:44:58,2026-05-13 01:11:40.479575737,12.43,wallet,subscription,GB,39.773119449354894,19,0,0,0
TXN100400,1078,2026-06-21 21:25:54,2025-04-01 19:47:56.920624911,12.96,debit_card,gift_card,GB,446.0680217520265,21,0,0,0
TXN100401,1060,2026-06-21 21:41:23,2026-02-25 09:29:27.953016498,11.42,debit_card,dine_in_topup,GB,116.5082760067535,21,0,0,0
TXN100402,1004,2026-06-22 00:45:06,2025-11-09 23:18:59.464348544,14.7,wallet,gift_card,US,224.0597978663363,0,0,0,0
TXN100403,1039,2026-06-22 01:32:09,2026-04-15 08:51:35.630295851,38.81,debit_card,subscription,GB,67.6948306678721,1,1,0,0
TXN100404,1064,2026-06-22 05:46:32,2026-02-13 20:38:46.724834814,27.89,cash_on_delivery,gift_card,US,128.38038512922668,5,1,0,0
TXN100405,1068,2026-06-22 06:25:49,2026-05-19 04:33:22.624753992,14.69,credit_card,gift_card,US,34.078083046828795,6,0,0,0
TXN100406,1221,2026-06-22 08:17:26,2026-05-09 08:15:21.441470292,12.22,credit_card,dine_in_topup,SA,44.0014416496494,8,0,0,0
TXN100407,1266,2026-06-22 08:58:57,2026-01-01 06:41:42.188239853,26.24,debit_card,dine_in_topup,GB,172.095310321298,8,1,0,0
TXN100408,1256,2026-06-22 10:15:45,2025-10-21 08:24:51.141724036,17.91,credit_card,dine_in_topup,GB,244.07701224856442,10,0,0,0
TXN100409,1286,2026-06-22 13:50:49,2025-02-15 14:02:24.445083977,7.63,credit_card,subscription,SA,491.99195086708363,13,0,0,0
TXN100410,1269,2026-06-22 14:31:03,2026-03-30 15:47:49.510257096,13.58,debit_card,gift_card,AE,83.94668390906139,14,0,0,0
TXN100411,1136,2026-06-22 15:00:19,2026-06-19 01:39:11.613227119,36.25,credit_card,dine_in_topup,US,3.556335495056493,15,1,0,0
TXN100412,1116,2026-06-22 19:18:07,2026-05-31 19:07:04.018451646,22.24,credit_card,dine_in_topup,GB,22.007673397550395,19,0,0,1
TXN100413,1194,2026-06-22 20:07:16,2026-05-30 21:43:44.447164528,12.31,wallet,delivery,GB,22.93300408374389,20,0,0,0
TXN100414,1095,2026-06-22 20:44:10,2025-05-18 08:01:24.930447966,5.54,debit_card,delivery,PK,400.5296883050004,20,0,0,0
TXN100415,1181,2026-06-22 23:59:50,2026-05-09 04:03:35.087680541,18.63,cash_on_delivery,dine_in_topup,GB,44.83072815184559,23,0,0,0
TXN100416,1299,2026-06-23 00:00:57,2026-05-07 06:20:55.541830649,16.24,credit_card,subscription,PK,46.73612798807119,0,0,0,0
TXN100417,1059,2026-06-23 03:34:47,2025-08-01 20:05:41.319900917,14.39,wallet,gift_card,US,325.31187129744313,3,0,0,0
TXN100418,1230,2026-06-23 04:12:08,2026-03-20 04:43:33.598919934,26.43,wallet,dine_in_topup,GB,94.97817593842669,4,1,0,0
TXN100419,1280,2026-06-23 04:33:19,2026-05-02 09:53:43.919855743,22.42,wallet,dine_in_topup,AE,51.777489353521496,4,0,0,0
TXN100420,1161,2026-06-23 06:04:48,2026-06-19 11:13:38.040793822,5.67,wallet,dine_in_topup,PK,3.78553193525669,6,0,0,0
TXN100421,1106,2026-06-23 08:42:53,2026-06-11 12:35:52.252372475,16.3,credit_card,dine_in_topup,GB,11.838203097540799,8,0,0,0
TXN100422,1076,2026-06-23 09:32:51,2026-05-24 23:05:24.980911795,6.64,cash_on_delivery,delivery,AE,29.435717813520892,9,0,0,0
TXN100423,1050,2026-06-23 10:04:19,2026-05-22 05:58:52.568838082,11.55,debit_card,dine_in_topup,SA,32.17044480511479,10,0,0,0
TXN100424,1096,2026-06-23 10:21:45,2026-04-11 14:24:54.936030949,6.31,wallet,delivery,SA,72.8311349996418,10,0,0,0
TXN100425,1223,2026-06-23 11:04:39,2026-03-06 18:32:56.862907250,6.46,debit_card,dine_in_topup,AE,108.6886821422772,11,0,0,0
TXN100426,1154,2026-06-23 11:05:45,2026-05-20 19:38:25.077890523,20.13,debit_card,subscription,GB,33.6439805799708,11,0,0,0
TXN100427,1066,2026-06-23 11:12:21,2026-03-11 09:47:33.107275337,18.86,wallet,delivery,AE,104.0588876472762,11,0,0,0
TXN100428,1162,2026-06-23 12:05:41,2026-04-17 05:18:52.667079356,15.52,cash_on_delivery,dine_in_topup,SA,67.2825038532482,12,0,0,0
TXN100429,1242,2026-06-23 16:30:52,2025-11-22 03:20:56.768563590,10.88,cash_on_delivery,dine_in_topup,AE,213.54855591940287,16,0,0,0
TXN100430,1004,2026-06-23 22:57:04,2026-03-23 23:54:36.297834011,6.01,wallet,delivery,SA,91.96004284914339,22,0,0,0
TXN100431,1006,2026-06-23 23:30:09,2026-03-31 23:44:57.543332113,11.58,wallet,subscription,GB,83.9897159336561,23,0,0,0
TXN100432,1287,2026-06-24 01:21:31,2026-04-27 01:51:04.485662796,18.91,wallet,dine_in_topup,AE,57.9794735455695,1,0,0,0
TXN100433,1224,2026-06-24 02:49:02,2026-04-04 21:49:04.654454174,18.63,cash_on_delivery,delivery,SA,80.2083026104841,2,0,0,0
TXN100434,1172,2026-06-24 04:55:46,2026-05-11 10:05:59.972192202,35.78,credit_card,subscription,GB,43.7845605070347,4,1,0,0
TXN100435,1271,2026-06-24 08:21:38,2026-05-20 19:46:05.608942137,32.6,cash_on_delivery,delivery,GB,34.5246804520586,8,1,0,0
TXN100436,1176,2026-06-24 09:08:39,2026-03-12 10:57:10.129043196,15.92,wallet,dine_in_topup,AE,103.9246397101482,9,0,0,0
TXN100437,1156,2026-06-24 12:38:49,2026-05-06 18:44:31.377789665,11.5,wallet,delivery,AE,48.7460372941011,12,0,0,0
TXN100438,1063,2026-06-24 13:09:38,2026-05-09 00:43:48.116463504,9.15,wallet,dine_in_topup,GB,46.51793846685759,13,0,0,0
TXN100439,1243,2026-06-24 19:39:12,2025-06-06 16:22:25.808493184,5.41,cash_on_delivery,gift_card,PK,383.1366457350326,19,0,0,0
TXN100440,1229,2026-06-24 22:25:52,2026-02-05 22:53:15.842081392,7.13,wallet,gift_card,AE,138.9809740499839,22,0,0,0
TXN100441,1088,2026-06-25 00:22:17,2026-04-25 02:02:39.251122475,18.93,credit_card,delivery,PK,60.9302980194158,0,0,0,0
TXN100442,1221,2026-06-25 03:45:44,2026-02-12 03:05:53.876752771,23.41,cash_on_delivery,dine_in_topup,PK,133.02766346350958,3,1,0,0
TXN100443,1218,2026-06-25 07:46:39,2025-11-21 09:16:53.177371776,13.09,wallet,dine_in_topup,PK,215.93733591004886,7,0,0,0
TXN100444,1028,2026-06-25 08:43:28,2025-03-07 10:12:02.247211505,59.92,cash_on_delivery,subscription,PK,474.93849250912615,8,1,0,0
TXN100445,1048,2026-06-25 15:12:59,2026-03-17 09:36:37.415797898,7.18,cash_on_delivery,gift_card,SA,100.23358315048729,15,0,0,0
TXN100446,1178,2026-06-25 16:22:12,2026-06-18 17:20:10.090406496,5.08,cash_on_delivery,delivery,GB,6.95974432399889,16,0,0,0
TXN100447,1187,2026-06-25 19:11:07,2026-03-31 19:22:57.175569665,59.26,credit_card,subscription,SA,85.9917803753511,19,1,0,0
TXN100448,1197,2026-06-26 00:58:45,2026-06-15 17:19:18.116112269,5.82,wallet,dine_in_topup,PK,10.319061156107997,0,0,0,0
TXN100449,1111,2026-06-26 04:29:11,2025-05-12 00:23:05.178103170,12.97,cash_on_delivery,gift_card,SA,410.1709007163985,4,0,0,0
TXN100450,1250,2026-06-26 05:21:50,2026-06-07 11:17:18.546750445,9.67,cash_on_delivery,delivery,US,18.753141820017998,5,0,0,1
TXN100451,1133,2026-06-26 07:34:40,2026-06-17 17:57:52.940646548,19.85,wallet,dine_in_topup,GB,8.567211335109398,7,0,0,0
TXN100452,1061,2026-06-26 08:03:56,2025-09-21 23:27:42.822380790,12.33,cash_on_delivery,gift_card,SA,277.3584858520742,8,0,0,0
TXN100453,1034,2026-06-26 10:06:16,2026-04-18 04:40:20.820362176,23.46,cash_on_delivery,gift_card,AE,69.22633309766,10,1,0,0
TXN100454,1263,2026-06-26 11:48:13,2026-03-31 22:16:53.404079186,26.77,credit_card,delivery,GB,86.5634212490835,11,1,0,0
TXN100455,1212,2026-06-26 13:17:24,2026-04-17 07:54:48.436966357,5.38,cash_on_delivery,gift_card,GB,70.2240227202968,13,0,0,0
TXN100456,1138,2026-06-26 14:11:09,2025-08-12 03:24:28.586862241,8.95,wallet,dine_in_topup,US,318.4490788557611,14,0,0,0
TXN100457,1062,2026-06-26 14:37:22,2026-03-13 21:49:45.244484646,24.75,wallet,delivery,US,104.69973096661289,14,1,0,0
TXN100458,1028,2026-06-26 16:07:52,2026-04-10 12:35:01.467059194,30.21,credit_card,subscription,AE,77.14780709422229,16,1,0,0
TXN100459,1045,2026-06-26 19:33:58,2026-06-13 05:15:01.737329855,17.61,cash_on_delivery,subscription,PK,13.596484521645195,19,0,0,0
TXN100460,1031,2026-06-26 19:45:17,2025-07-10 09:43:49.902240147,20.8,debit_card,delivery,SA,351.41767474259086,19,0,0,0
TXN100461,1158,2026-06-26 20:19:06,2026-05-26 07:01:37.057079026,37.21,debit_card,gift_card,GB,31.553807209733495,20,1,0,0
TXN100462,1059,2026-06-26 20:28:10,2025-07-30 05:04:13.532255350,12.43,debit_card,gift_card,US,331.64162578408155,20,0,0,0
TXN100463,1038,2026-06-26 22:27:08,2026-06-21 00:15:20.004359305,17.48,cash_on_delivery,dine_in_topup,GB,5.924861060656192,22,0,0,0
TXN100464,1084,2026-06-26 23:12:53,2025-10-24 20:42:26.301815752,32.62,debit_card,gift_card,US,245.1044756734288,23,1,0,0
TXN100465,1209,2026-06-26 23:27:36,2026-04-20 14:55:04.403341036,33.92,credit_card,dine_in_topup,AE,67.35592125762689,23,1,0,0
TXN100466,1148,2026-06-27 00:48:05,2025-01-22 22:58:59.266827176,14.77,credit_card,subscription,SA,520.0757608006114,0,0,0,0
TXN100467,1046,2026-06-27 02:17:55,2025-11-25 23:25:38.702006947,9.15,cash_on_delivery,delivery,SA,213.1196330786233,2,0,0,0
TXN100468,1224,2026-06-27 03:13:42,2026-06-11 14:53:51.498605875,14.66,credit_card,delivery,AE,15.51377895132089,3,0,0,0
TXN100469,1146,2026-06-27 03:55:39,2026-06-10 20:54:33.897071385,15.6,cash_on_delivery,dine_in_topup,SA,16.292420172784894,3,0,0,0
TXN100470,1056,2026-06-27 05:27:04,2026-05-11 00:01:50.205202358,8.92,credit_card,delivery,US,47.22585410645419,5,0,0,0
TXN100471,1207,2026-06-27 05:55:02,2025-05-02 22:53:54.069728568,9.84,cash_on_delivery,dine_in_topup,GB,420.2924528966601,5,0,0,1
TXN100472,1297,2026-06-27 06:28:06,2026-03-11 13:13:30.076208492,33.95,wallet,gift_card,PK,107.71847134017948,6,1,0,0
TXN100473,1162,2026-06-27 06:41:18,2026-03-13 05:36:40.288744814,21.42,credit_card,dine_in_topup,US,106.04488091730539,6,0,0,0
TXN100474,1048,2026-06-27 09:07:18,2025-11-25 12:49:16.367594553,13.01,cash_on_delivery,delivery,PK,213.84585222691493,9,0,0,0
TXN100475,1092,2026-06-27 11:02:49,2026-01-30 20:03:02.559907220,7.47,debit_card,dine_in_topup,SA,147.6248430566294,11,0,0,0
TXN100476,1179,2026-06-27 11:30:16,2026-02-04 18:18:31.970152989,9.91,cash_on_delivery,dine_in_topup,AE,142.716481826933,11,0,0,0
TXN100477,1299,2026-06-27 12:04:23,2025-11-09 06:44:22.212042768,4.83,wallet,delivery,AE,230.2222313420976,12,0,0,0
TXN100478,1278,2026-06-27 13:49:06,2026-03-17 19:07:29.930030852,17.91,debit_card,gift_card,GB,101.77888969871698,13,0,0,0
TXN100479,1279,2026-06-27 14:10:54,2026-01-20 05:13:03.218667267,9.55,credit_card,delivery,SA,158.37350441357327,14,0,0,0
TXN100480,1249,2026-06-27 15:02:06,2026-04-28 23:26:57.532005281,18.83,debit_card,gift_card,AE,59.64940356475369,15,0,0,0
TXN100481,1172,2026-06-27 17:33:57,2026-03-29 07:26:52.196123849,24.59,credit_card,gift_card,GB,90.42158337819619,17,1,0,1
TXN100482,1194,2026-06-27 17:56:44,2026-03-03 02:45:45.803937564,19.01,cash_on_delivery,delivery,GB,116.6326180099819,17,0,0,0
TXN100483,1220,2026-06-27 19:00:54,2026-04-28 13:07:50.685388269,11.97,credit_card,gift_card,US,60.24517725245059,19,0,0,0
TXN100484,1214,2026-06-27 19:43:33,2025-12-02 21:31:23.574945046,8.62,credit_card,delivery,SA,206.92510908628418,19,0,0,0
TXN100485,1191,2026-06-27 20:27:08,2025-09-15 00:21:12.390914926,6.77,credit_card,subscription,PK,285.83744917922536,20,0,0,0
TXN100486,1040,2026-06-27 21:58:27,2026-06-05 20:23:00.372950925,31.9,cash_on_delivery,subscription,SA,22.06628040566059,21,1,0,0
TXN100487,1263,2026-06-28 00:56:30,2025-11-19 08:21:28.478897944,18.48,cash_on_delivery,subscription,US,220.6909898275701,0,0,0,0
TXN100488,1002,2026-06-28 01:07:48,2026-06-19 19:59:59.942251580,12.43,wallet,gift_card,PK,8.213750668384492,1,0,0,0
TXN100489,1127,2026-06-28 01:23:16,2026-05-30 19:07:57.563540896,22.57,credit_card,dine_in_topup,SA,28.26063005161,1,0,0,0
TXN100490,1130,2026-06-28 01:40:42,2026-03-18 10:05:49.499917411,28.75,wallet,delivery,GB,101.6492187509559,1,1,0,0
TXN100491,1298,2026-06-28 02:14:28,2025-11-08 07:28:30.698050043,9.69,cash_on_delivery,subscription,SA,231.78191321701337,2,0,0,0
TXN100492,1026,2026-06-28 04:00:23,2025-04-15 16:37:36.577179726,18.12,credit_card,delivery,PK,438.47414841227163,4,0,0,0
TXN100493,1142,2026-06-28 04:08:16,2026-02-23 00:54:33.489731458,18.36,cash_on_delivery,gift_card,GB,125.1345197947748,4,0,0,0
TXN100494,1107,2026-06-28 04:22:03,2026-06-21 01:56:57.090456065,36.22,credit_card,delivery,GB,7.100762841943692,4,1,0,0
TXN100495,1029,2026-06-28 05:22:11,2025-12-27 02:01:11.612923608,12.31,cash_on_delivery,delivery,SA,183.1395762393101,5,0,0,0
TXN100496,1067,2026-06-28 05:57:42,2026-05-31 10:32:45.919408913,8.42,wallet,delivery,AE,27.808982414248696,5,0,0,0
TXN100497,1126,2026-06-28 07:07:18,2026-05-29 02:10:47.517864446,19.43,cash_on_delivery,subscription,SA,30.20590835805039,7,0,0,0
TXN100498,1274,2026-06-28 07:08:08,2026-06-16 22:50:46.577117166,23.76,debit_card,dine_in_topup,GB,11.345386838921689,7,1,0,0
TXN100499,1116,2026-06-28 07:31:17,2026-04-09 19:33:06.882702959,17.18,cash_on_delivery,dine_in_topup,AE,79.4987282094565,7,0,0,0
TXN100500,1264,2026-06-28 08:06:06,2026-05-10 22:26:58.851115128,37.77,cash_on_delivery,gift_card,AE,48.402166075056385,8,1,0,0
TXN100501,1220,2026-06-28 09:39:19,2025-10-25 23:49:54.478933105,12.29,debit_card,dine_in_topup,SA,245.4093115864224,9,0,1,0
TXN100502,1245,2026-06-28 12:14:40,2026-01-27 18:14:49.760974388,17.45,wallet,dine_in_topup,GB,151.7498870257594,12,0,0,0
TXN100503,1256,2026-06-28 13:26:35,2026-05-06 21:08:26.475237872,5.66,debit_card,delivery,PK,52.67926533289499,13,0,0,0
TXN100504,1214,2026-06-28 13:45:16,2026-05-16 01:12:03.270823931,8.11,debit_card,delivery,PK,43.523063995093395,13,0,1,0
TXN100505,1220,2026-06-28 13:56:09,2026-04-03 10:16:22.321568153,9.73,cash_on_delivery,dine_in_topup,SA,86.15262359296119,13,0,2,0
TXN100506,1046,2026-06-28 16:22:06,2026-05-25 04:40:24.649410538,13.66,credit_card,gift_card,PK,34.487284150341,16,0,0,0
TXN100507,1215,2026-06-28 17:27:49,2026-06-22 11:52:31.472767151,6.26,credit_card,dine_in_topup,AE,6.232841750380198,17,0,0,0
TXN100508,1014,2026-06-28 19:22:01,2026-05-06 20:41:23.400624520,22.36,debit_card,delivery,GB,52.94487962240139,19,0,0,0
TXN100509,1221,2026-06-28 19:36:11,2026-05-25 02:35:03.227656136,9.16,cash_on_delivery,dine_in_topup,SA,34.70911773546139,19,0,0,0
TXN100510,1196,2026-06-29 02:29:01,2026-01-23 04:40:22.332086308,53.38,credit_card,delivery,AE,156.9087808786307,2,1,0,0
TXN100511,1227,2026-06-29 02:40:21,2026-02-22 03:32:42.860201738,9.38,debit_card,dine_in_topup,GB,126.96363587729469,2,0,0,0
TXN100512,1192,2026-06-29 03:00:47,2026-05-29 03:35:37.385624678,16.31,wallet,gift_card,GB,30.9758057219366,3,0,0,0
TXN100513,1110,2026-06-29 03:45:44,2025-11-01 23:59:30.015522346,15.01,debit_card,gift_card,GB,239.15710630182474,3,0,0,0
TXN100514,1110,2026-06-29 05:21:28,2026-03-22 00:43:28.772859358,7.66,wallet,dine_in_topup,GB,99.1930466104241,5,0,1,0
TXN100515,1178,2026-06-29 05:56:22,2025-07-02 16:19:33.548231268,13.7,wallet,dine_in_topup,AE,361.567227451027,5,0,0,0
TXN100516,1141,2026-06-29 06:23:17,2026-01-01 17:09:33.615522111,13.59,cash_on_delivery,gift_card,GB,178.55119657960518,6,0,0,0
TXN100517,1102,2026-06-29 09:05:06,2025-09-23 16:07:55.047216816,26.79,cash_on_delivery,delivery,PK,278.7063767683239,9,1,0,0
TXN100518,1146,2026-06-29 09:53:27,2025-06-13 00:12:47.373636450,19.89,debit_card,dine_in_topup,GB,381.40323641624485,9,0,0,0
TXN100519,1160,2026-06-29 13:57:37,2026-04-28 16:09:23.391999874,22.16,debit_card,dine_in_topup,GB,61.90849083333479,13,0,0,0
TXN100520,1071,2026-06-29 18:25:15,2026-02-17 16:08:09.653802584,26.42,debit_card,delivery,GB,132.09520076617378,18,1,0,0
TXN100521,1191,2026-06-29 19:08:51,2026-06-09 00:24:08.808732343,22.38,debit_card,subscription,PK,20.7810438804127,19,0,0,0
TXN100522,1094,2026-06-29 21:34:06,2026-05-27 12:05:53.842301108,18.03,cash_on_delivery,subscription,SA,33.39458515855199,21,0,0,0
TXN100523,1080,2026-06-29 23:40:37,2026-06-02 13:01:20.831423689,9.67,wallet,dine_in_topup,US,27.443937136299894,23,0,0,0
TXN100524,1125,2026-06-30 03:11:41,2026-04-16 23:37:23.612689534,17.3,wallet,delivery,PK,74.1488123531304,3,0,0,0
TXN100525,1030,2026-06-30 04:34:17,2026-01-31 15:05:07.342353684,8.5,debit_card,delivery,US,149.5619173338694,4,0,0,0
TXN100526,1180,2026-06-30 06:01:48,2026-03-20 23:32:11.768237284,14.39,wallet,subscription,US,101.27055823799441,6,0,0,0
TXN100527,1220,2026-06-30 06:53:04,2026-06-26 20:30:55.064930742,13.19,wallet,delivery,US,3.432047859597893,6,0,0,0
TXN100528,1286,2026-06-30 08:44:02,2026-06-01 06:25:58.288272782,13.75,wallet,dine_in_topup,GB,29.095876293139096,8,0,0,0
TXN100529,1085,2026-06-30 09:55:42,2026-01-31 11:24:54.121428181,6.31,cash_on_delivery,gift_card,US,149.9380541501368,9,0,0,0
TXN100530,1161,2026-06-30 10:59:13,2026-02-28 14:06:32.738461205,2.46,cash_on_delivery,subscription,AE,121.86991043447681,10,0,0,0
TXN100531,1151,2026-06-30 12:16:39,2026-05-23 05:17:50.120206800,11.65,credit_card,delivery,GB,38.290843516125,12,0,0,0
TXN100532,1219,2026-06-30 12:53:00,2026-05-17 16:40:49.730419110,30.36,credit_card,dine_in_topup,AE,43.841785527556596,12,1,0,0
TXN100533,1187,2026-06-30 13:51:29,2025-12-31 10:29:45.478539524,16.15,cash_on_delivery,dine_in_topup,PK,181.14008705394068,13,0,0,0
TXN100534,1242,2026-06-30 15:13:23,2026-04-03 16:17:56.869949004,28.99,debit_card,gift_card,AE,87.9551635422569,15,1,0,0
TXN100535,1255,2026-06-30 15:18:36,2026-03-13 13:26:39.596826262,8.54,debit_card,gift_card,SA,109.07773614784418,15,0,0,1
TXN100536,1034,2026-06-30 17:05:02,2026-04-23 09:02:37.832321870,11.28,cash_on_delivery,subscription,US,68.3350019407191,17,0,0,0
TXN100537,1106,2026-06-30 19:47:43,2026-01-18 05:31:16.964335046,55.37,wallet,dine_in_topup,AE,163.59474578315917,19,1,0,0
TXN100538,1195,2026-06-30 19:59:18,2025-10-06 06:19:37.044177974,8.89,credit_card,delivery,AE,267.56922402571786,19,0,0,0
TXN100539,1163,2026-06-30 20:16:35,2025-05-24 09:10:18.581046200,21.88,credit_card,delivery,SA,402.46269003418746,20,0,0,0
TXN100540,1144,2026-07-01 00:42:18,2026-02-16 05:12:19.493784859,21.86,cash_on_delivery,dine_in_topup,GB,134.8124827108234,0,0,0,0
TXN100541,1051,2026-07-01 01:18:04,2026-04-30 01:02:52.479647627,20.37,cash_on_delivery,dine_in_topup,GB,62.01055000407839,1,0,0,0
TXN100542,1171,2026-07-01 01:51:23,2026-06-12 02:13:57.989188702,22.06,debit_card,delivery,GB,18.98431725476039,1,0,0,0
TXN100543,1222,2026-07-01 05:15:05,2026-06-26 20:15:36.388319504,8.8,cash_on_delivery,delivery,SA,4.374636709265,5,0,0,0
TXN100544,1011,2026-07-01 07:46:14,2025-06-25 08:17:23.835241739,12.02,credit_card,subscription,GB,370.9783583884058,7,0,0,0
TXN100545,1177,2026-07-01 10:08:22,2026-01-20 07:55:17.182348512,2.71,cash_on_delivery,subscription,US,162.0924168709663,10,0,0,0
TXN100546,1271,2026-07-01 12:08:02,2026-05-02 22:29:57.620546282,36.98,credit_card,delivery,AE,59.56810624367729,12,1,0,0
TXN100547,1172,2026-07-01 12:10:08,2026-03-08 18:24:09.143025800,21.98,wallet,delivery,PK,114.7402645483125,12,0,0,0
TXN100548,1285,2026-07-01 14:51:25,2025-11-16 23:05:06.442383298,9.74,cash_on_delivery,subscription,GB,226.6571592316748,14,0,0,0
TXN100549,1105,2026-07-01 16:43:29,2025-03-22 10:04:27.764115197,8.6,wallet,dine_in_topup,SA,466.2770976375556,16,0,0,0
TXN100550,1001,2026-07-01 17:17:16,2026-06-05 04:03:05.393656337,30.69,cash_on_delivery,dine_in_topup,GB,26.5515116474961,17,1,0,0
TXN100551,1204,2026-07-01 18:15:07,2026-03-14 21:54:41.976986969,9.29,debit_card,gift_card,US,108.8475118404286,18,0,0,0
TXN100552,1063,2026-07-01 20:39:03,2025-12-22 21:05:17.486287359,9.72,debit_card,dine_in_topup,PK,190.98177677908149,20,0,0,0
TXN100553,1002,2026-07-01 20:47:35,2024-12-21 00:50:03.243110097,7.44,debit_card,dine_in_topup,GB,557.8316175565961,20,0,0,0
TXN100554,1054,2026-07-01 20:53:38,2026-01-12 09:39:09.805531160,24.63,credit_card,subscription,AE,170.4683818804264,20,1,0,0
TXN100555,1280,2026-07-02 00:02:54,2026-03-06 19:45:56.672496688,28.72,debit_card,subscription,GB,117.1784412905476,0,1,0,0
TXN100556,1234,2026-07-02 03:16:29,2026-02-13 17:43:20.822969317,13.24,credit_card,dine_in_topup,AE,138.3980113082255,3,0,0,0
TXN100557,1082,2026-07-02 03:32:55,2026-05-20 18:05:59.920818092,28.84,cash_on_delivery,gift_card,SA,42.3936930460869,3,1,0,0
TXN100558,1179,2026-07-02 03:37:30,2026-02-14 09:23:17.396155119,19.28,credit_card,dine_in_topup,SA,137.75986810005648,3,0,0,0
TXN100559,1101,2026-07-02 03:41:47,2025-11-06 05:49:31.697177878,7.15,credit_card,subscription,AE,237.9112882271079,3,0,0,0
TXN100560,1053,2026-07-02 04:18:28,2026-05-26 02:36:05.753338633,35.32,wallet,subscription,AE,37.071090817839895,4,1,0,0
TXN100561,1296,2026-07-02 05:12:24,2025-08-13 04:22:23.699761964,7.39,wallet,gift_card,SA,323.03472569719946,5,0,0,0
TXN100562,1244,2026-07-02 05:36:24,2026-06-19 00:25:32.880691057,13.88,credit_card,subscription,PK,13.215869436446098,5,0,0,0
TXN100563,1109,2026-07-02 07:50:11,2026-05-04 19:40:14.488191633,13.27,wallet,subscription,US,58.506904071856106,7,0,0,0
TXN100564,1106,2026-07-02 07:59:20,2026-06-10 14:02:03.693202452,11.78,credit_card,dine_in_topup,PK,21.7481054027494,7,0,0,0
TXN100565,1244,2026-07-02 10:34:11,2026-06-22 04:02:21.474850304,3.93,cash_on_delivery,gift_card,US,10.272100985528889,10,0,1,0
TXN100566,1138,2026-07-02 12:19:55,2025-04-17 06:32:32.143038883,48.36,credit_card,dine_in_topup,PK,441.24123677038335,12,1,0,0
TXN100567,1113,2026-07-02 14:01:00,2026-05-25 11:33:34.283277439,4.25,wallet,delivery,PK,38.102380980585195,14,0,0,0
TXN100568,1116,2026-07-02 14:03:54,2026-04-07 02:15:14.447539855,36.7,wallet,delivery,US,86.4921244497702,14,1,0,0
TXN100569,1134,2026-07-02 14:29:39,2026-03-06 16:03:12.626228516,8.41,debit_card,delivery,PK,117.93502747420698,14,0,0,0
TXN100570,1156,2026-07-02 14:31:23,2026-06-15 17:23:25.578635757,10.35,wallet,subscription,GB,16.88052571023429,14,0,0,0
TXN100571,1012,2026-07-02 19:05:33,2026-05-22 10:48:08.807266515,34.48,debit_card,dine_in_topup,US,41.345418897378295,19,1,0,0
TXN100572,1144,2026-07-02 21:06:19,2026-05-24 18:51:15.521156324,20.62,wallet,delivery,US,39.0937902643944,21,0,0,0
TXN100573,1131,2026-07-02 22:41:53,2026-05-19 05:15:45.014205049,5.78,credit_card,delivery,US,44.7264813170712,22,0,0,0
TXN100574,1082,2026-07-02 23:03:00,2026-04-14 20:30:02.997123665,5.71,wallet,subscription,SA,79.1062153110687,23,0,1,0
TXN100575,1106,2026-07-02 23:38:47,2026-05-15 07:37:07.777675702,18.73,cash_on_delivery,subscription,SA,48.66781507319789,23,0,1,0
TXN100576,1127,2026-07-02 23:50:24,2025-12-12 18:03:50.242876932,7.31,cash_on_delivery,gift_card,PK,202.24066848522068,23,0,0,1
TXN100577,1109,2026-07-03 00:06:21,2026-04-07 10:41:53.851938794,21.24,debit_card,dine_in_topup,GB,86.5586475470047,0,0,1,0
TXN100578,1272,2026-07-03 01:39:07,2026-05-01 07:35:26.860071131,22.64,debit_card,gift_card,US,62.752547915843394,1,0,0,0
TXN100579,1158,2026-07-03 04:10:33,2026-06-02 01:02:45.188640435,9.02,debit_card,delivery,GB,31.130414483328295,4,0,0,0
TXN100580,1150,2026-07-03 04:32:28,2026-01-11 20:29:33.683083800,10.72,cash_on_delivery,delivery,GB,172.3353508902338,4,0,0,1
TXN100581,1078,2026-07-03 07:00:18,2026-05-05 21:39:47.717211730,19.12,cash_on_delivery,subscription,GB,58.3892393841235,7,0,0,0
TXN100582,1274,2026-07-03 07:34:44,2026-05-05 08:39:34.963526213,8.75,wallet,dine_in_topup,GB,58.954965699928096,7,0,0,0
TXN100583,1006,2026-07-03 10:02:45,2025-05-29 22:10:14.326484116,16.17,cash_on_delivery,gift_card,AE,399.49479946198943,10,0,0,0
TXN100584,1165,2026-07-03 14:08:01,2026-06-26 11:45:40.016989115,57.46,credit_card,delivery,SA,7.098853970033391,14,1,0,0
TXN100585,1050,2026-07-03 14:17:05,2026-05-01 14:20:26.178209816,19.71,cash_on_delivery,gift_card,GB,62.9976715484975,14,0,0,0
TXN100586,1230,2026-07-03 17:13:19,2026-03-14 20:51:07.583407732,11.89,cash_on_delivery,dine_in_topup,AE,110.84874324759569,17,0,0,0
TXN100587,1113,2026-07-03 17:13:40,2026-01-19 01:13:31.234048497,51.44,wallet,gift_card,AE,165.6667681244387,17,1,0,0
TXN100588,1088,2026-07-03 17:16:40,2026-01-25 23:02:28.552881136,25.75,wallet,delivery,US,158.7598547120239,17,1,0,0
TXN100589,1017,2026-07-03 18:50:11,2026-05-25 19:26:25.003471964,7.42,cash_on_delivery,subscription,AE,38.97483792277819,18,0,0,0
TXN100590,1237,2026-07-03 20:37:53,2026-07-02 23:17:26.221606971,8.38,wallet,gift_card,GB,0.8891988239933912,20,0,0,0
TXN100591,1118,2026-07-03 20:55:28,2026-02-21 05:27:39.911006441,4.56,cash_on_delivery,dine_in_topup,US,132.64430658557362,20,0,0,0
TXN100592,1079,2026-07-03 21:30:30,2026-03-18 23:15:04.281005197,18.9,credit_card,delivery,PK,106.9273810068843,21,0,0,0
TXN100593,1253,2026-07-03 21:43:26,2026-06-22 20:09:18.804437618,3.53,wallet,gift_card,AE,11.065361059749792,21,0,0,0
TXN100594,1005,2026-07-03 21:58:11,2026-04-10 01:32:41.334296208,51.4,debit_card,dine_in_topup,SA,84.8510377974976,21,1,0,0
TXN100595,1140,2026-07-03 22:52:44,2026-06-09 07:11:16.630612337,12.85,cash_on_delivery,dine_in_topup,SA,24.653788997542396,22,0,0,0
TXN100596,1048,2026-07-04 01:16:42,2026-06-19 11:50:33.094418930,26.76,cash_on_delivery,subscription,AE,14.5598252960772,1,1,0,0
TXN100597,1038,2026-07-04 03:39:37,2026-03-23 18:34:58.096729817,12.09,cash_on_delivery,dine_in_topup,GB,102.3782280471086,3,0,0,0
TXN100598,1006,2026-07-04 03:59:51,2026-02-19 15:08:26.766960360,18.69,credit_card,gift_card,PK,134.5356971416625,3,0,1,0
TXN100599,1056,2026-07-04 04:23:09,2026-03-10 00:50:31.268008821,14.01,debit_card,gift_card,SA,116.1476589350831,4,0,0,0
TXN100600,1284,2026-07-04 05:33:25,2026-05-21 01:22:15.520655204,15.87,credit_card,dine_in_topup,GB,44.174415270194395,5,0,0,0
TXN100601,1133,2026-07-04 06:23:21,2026-03-15 04:18:53.473458080,32.13,cash_on_delivery,dine_in_topup,PK,111.0864297053463,6,1,0,0
TXN100602,1299,2026-07-04 07:10:50,2026-04-22 00:48:35.894975998,42.14,debit_card,gift_card,GB,73.26544103037038,7,1,0,0
TXN100603,1080,2026-07-04 09:43:38,2026-04-09 01:41:23.121012284,40.1,wallet,subscription,US,86.33489443272819,9,1,0,0
TXN100604,1228,2026-07-04 10:46:36,2026-02-01 16:09:29.321607504,85.68,debit_card,gift_card,SA,152.77577174065388,10,1,0,0
TXN100605,1026,2026-07-04 11:11:47,2026-03-17 22:47:27.959593967,9.41,cash_on_delivery,gift_card,AE,108.51688704173648,11,0,0,0
TXN100606,1032,2026-07-04 11:13:41,2026-03-06 23:05:51.611044069,19.87,cash_on_delivery,delivery,SA,119.50543274254551,11,0,0,0
TXN100607,1004,2026-07-04 11:31:59,2025-12-19 10:46:02.047067094,9.55,cash_on_delivery,delivery,SA,197.03190917746417,11,0,0,0
TXN100608,1269,2026-07-04 12:01:44,2026-05-10 02:16:14.315590863,31.3,wallet,subscription,AE,55.406593569550196,12,1,0,0
TXN100609,1201,2026-07-04 12:20:04,2026-04-06 12:07:10.137602008,7.67,credit_card,subscription,US,89.0089567407175,12,0,0,0
TXN100610,1223,2026-07-04 12:43:07,2026-03-02 05:11:29.602049263,32.49,cash_on_delivery,delivery,GB,124.3136272910965,12,1,0,0
TXN100611,1278,2026-07-04 13:00:20,2025-12-02 23:17:20.770350771,17.56,credit_card,delivery,AE,213.57151886168086,13,0,0,0
TXN100612,1099,2026-07-04 17:43:23,2026-05-30 06:06:16.261219782,14.54,debit_card,delivery,SA,35.48410577291919,17,0,0,0
TXN100613,1216,2026-07-04 19:05:55,2026-01-09 15:36:48.044348205,15.66,debit_card,subscription,PK,176.14521939411802,19,0,0,0
TXN100614,1150,2026-07-04 19:43:59,2026-05-27 02:37:14.716218549,6.78,debit_card,delivery,AE,38.713012543766794,19,0,0,0
TXN100615,1162,2026-07-04 20:28:05,2026-05-18 04:25:38.944601952,7.17,cash_on_delivery,delivery,US,47.66835712266259,20,0,0,0
TXN100616,1198,2026-07-04 23:04:06,2026-04-29 22:52:50.386800616,17.76,credit_card,dine_in_topup,US,66.00781959721509,23,0,0,0
TXN100617,1140,2026-07-04 23:12:39,2026-06-21 00:46:31.099835876,17.68,wallet,gift_card,PK,13.934813659306991,23,0,0,0
TXN100618,1007,2026-07-05 00:06:06,2025-10-19 01:33:02.654076826,9.85,credit_card,subscription,SA,258.93962205929597,0,0,0,0
TXN100619,1022,2026-07-05 03:16:24,2025-11-10 07:28:35.499853315,12.76,cash_on_delivery,gift_card,AE,236.82486689984586,3,0,0,0
TXN100620,1150,2026-07-05 03:58:02,2025-07-01 15:58:23.181291440,20.96,wallet,gift_card,PK,368.4997548461639,3,0,1,1
TXN100621,1170,2026-07-05 06:17:21,2026-03-19 04:00:50.658581291,8.72,debit_card,subscription,US,108.09479561827209,6,0,0,0
TXN100622,1219,2026-07-05 09:43:16,2026-02-19 03:18:49.601985388,4.24,credit_card,delivery,SA,136.2669721992432,9,0,0,0
TXN100623,1171,2026-07-05 10:42:08,2026-05-24 02:27:07.520517152,37.82,credit_card,subscription,PK,42.343755549570005,10,1,0,0
TXN100624,1056,2026-07-05 10:43:53,2026-07-02 00:01:16.939025697,18.58,credit_card,subscription,US,3.4462507057210994,10,0,0,0
TXN100625,1110,2026-07-05 12:24:05,2026-01-27 01:11:36.943944790,11.07,debit_card,gift_card,SA,159.4669913895279,12,0,0,0
TXN100626,1133,2026-07-05 16:08:41,2026-06-09 06:58:58.726451139,9.53,cash_on_delivery,dine_in_topup,SA,26.38173927718589,16,0,0,0
TXN100627,1295,2026-07-05 16:41:10,2026-06-01 01:29:25.838701953,8.66,credit_card,dine_in_topup,PK,34.63315001502369,16,0,0,0
TXN100628,1159,2026-07-05 16:59:55,2024-11-15 01:54:13.128032975,31.22,wallet,dine_in_topup,GB,597.6289568514702,16,1,0,0
TXN100629,1190,2026-07-05 17:52:38,2026-06-15 20:10:04.312951115,6.04,debit_card,dine_in_topup,SA,19.9045565630658,17,0,0,0
TXN100630,1220,2026-07-05 19:47:48,2026-06-24 16:08:31.846390263,19.84,credit_card,subscription,GB,11.152270296408993,19,0,0,0
TXN100631,1108,2026-07-05 20:12:42,2026-06-26 10:45:25.964650312,19.83,wallet,dine_in_topup,GB,9.393935594325093,20,0,0,0
TXN100632,1289,2026-07-05 21:40:05,2026-02-27 18:29:07.222003257,24.92,wallet,dine_in_topup,GB,128.1326131712586,21,1,0,0
TXN100633,1202,2026-07-05 21:41:47,2026-05-13 05:37:17.713459376,11.8,cash_on_delivery,delivery,US,53.669783409035,21,0,0,0
TXN100634,1254,2026-07-06 00:11:53,2026-05-18 09:03:32.819446684,35.81,wallet,gift_card,PK,48.630789126774495,0,1,0,0
TXN100635,1224,2026-07-06 01:00:14,2026-04-01 10:10:03.524120810,25.39,debit_card,delivery,GB,95.61817680415729,1,1,0,0
TXN100636,1186,2026-07-06 01:38:05,2026-06-23 05:18:56.555397858,11.53,cash_on_delivery,delivery,GB,12.846625516228496,1,0,0,1
TXN100637,1009,2026-07-06 02:23:40,2026-06-19 02:48:27.204131989,9.23,credit_card,delivery,SA,16.98278698921309,2,0,0,0
TXN100638,1175,2026-07-06 03:04:16,2025-09-10 05:53:15.201269800,14.03,wallet,gift_card,SA,298.88264813345137,3,0,0,1
TXN100639,1038,2026-07-06 04:35:49,2025-10-24 11:35:46.645414805,11.27,cash_on_delivery,delivery,AE,254.7083605854768,4,0,0,0
TXN100640,1180,2026-07-06 04:51:28,2026-03-28 16:04:02.182420149,8.24,credit_card,delivery,SA,99.5329377034705,4,0,0,0
TXN100641,1210,2026-07-06 04:53:45,2025-09-15 04:20:16.718049493,16.12,cash_on_delivery,gift_card,PK,294.0232440040568,4,0,0,0
TXN100642,1163,2026-07-06 06:10:52,2026-06-26 17:29:37.080701258,12.81,credit_card,delivery,SA,9.528644899290995,6,0,0,0
TXN100643,1092,2026-07-06 07:07:41,2026-03-31 06:45:55.114539957,41.25,debit_card,delivery,PK,97.0151144150468,7,1,0,0
TXN100644,1017,2026-07-06 08:12:54,2026-02-19 02:31:03.630447627,11.26,debit_card,gift_card,GB,137.23738853648578,8,0,0,0
TXN100645,1201,2026-07-06 09:04:49,2025-11-25 22:37:15.432263770,9.18,credit_card,delivery,GB,222.4358051821323,9,0,0,0
TXN100646,1209,2026-07-06 09:40:50,2026-03-25 04:31:11.356046004,15.44,wallet,subscription,GB,103.2150306013194,9,0,0,0
TXN100647,1143,2026-07-06 09:51:30,2026-03-27 08:29:48.728321589,18.2,debit_card,subscription,SA,101.05672768146309,9,0,0,0
TXN100648,1214,2026-07-06 10:10:08,2026-05-26 00:59:17.319525502,19.12,wallet,dine_in_topup,US,41.38253102401039,10,0,0,0
TXN100649,1233,2026-07-06 11:00:49,2026-02-24 10:21:38.041444702,19.0,debit_card,dine_in_topup,PK,132.0272101684641,11,0,0,0
TXN100650,1153,2026-07-06 13:35:29,2026-06-20 07:23:07.385850664,15.79,wallet,gift_card,GB,16.258583497098797,13,0,0,0
TXN100651,1014,2026-07-06 14:17:24,2025-11-14 08:11:15.643137688,15.04,cash_on_delivery,delivery,AE,234.25426338961006,14,0,0,0
TXN100652,1261,2026-07-06 14:20:05,2026-04-16 02:58:27.365495681,22.72,wallet,delivery,GB,81.4733522512074,14,0,0,0
TXN100653,1140,2026-07-06 15:43:07,2026-06-22 22:04:24.065954556,7.75,credit_card,subscription,AE,13.73521914404449,15,0,0,0
TXN100654,1201,2026-07-06 19:06:52,2026-05-24 21:01:00.757406320,9.22,debit_card,dine_in_topup,PK,42.92073197446389,19,0,1,0
TXN100655,1273,2026-07-06 19:07:10,2026-04-22 22:36:24.291596499,5.08,debit_card,dine_in_topup,GB,74.85469569911459,19,0,0,0
TXN100656,1108,2026-07-06 20:41:39,2025-05-12 00:07:08.869753320,7.83,credit_card,delivery,PK,420.8572931741513,20,0,0,0
TXN100657,1186,2026-07-07 02:29:37,2026-02-21 19:03:43.262744230,29.3,credit_card,gift_card,AE,135.3096497367566,2,1,0,0
TXN100658,1005,2026-07-07 02:42:46,2025-12-30 16:02:06.704228292,22.11,credit_card,subscription,GB,188.444899256617,2,0,0,1
TXN100659,1265,2026-07-07 03:59:55,2024-12-28 17:36:20.345264862,44.73,cash_on_delivery,subscription,SA,555.4330399853603,3,1,0,0
TXN100660,1017,2026-07-07 08:26:53,2026-01-23 21:48:12.636293197,38.17,debit_card,subscription,AE,164.44352272808803,8,1,0,0
TXN100661,1162,2026-07-07 10:45:15,2026-06-28 08:01:04.340339424,22.23,cash_on_delivery,gift_card,AE,9.11401226459,10,0,0,0
TXN100662,1105,2026-07-07 10:52:07,2026-02-08 17:07:23.157149379,16.96,wallet,gift_card,AE,148.73939632928958,10,0,0,0
TXN100663,1010,2026-07-07 11:22:15,2026-01-10 06:24:34.763628571,15.64,wallet,dine_in_topup,US,178.20671569874338,11,0,0,0
TXN100664,1138,2026-07-07 14:45:00,2026-05-23 07:20:33.498562451,3.42,cash_on_delivery,subscription,PK,45.30864006293459,14,0,0,0
TXN100665,1280,2026-07-07 15:38:34,2026-06-16 09:40:33.539850138,14.51,wallet,subscription,US,21.2486164369197,15,0,0,0
TXN100666,1050,2026-07-07 17:04:48,2026-03-31 22:16:09.218712971,10.34,credit_card,dine_in_topup,SA,97.7837821908221,17,0,0,0
TXN100667,1087,2026-07-07 18:04:08,2024-06-20 22:57:46.659369537,8.07,debit_card,gift_card,PK,746.7960803313711,18,0,0,0
TXN100668,1056,2026-07-07 19:17:59,2026-01-04 19:50:06.726919658,20.0,wallet,delivery,SA,183.9776883458373,19,0,0,0
TXN100669,1037,2026-07-07 21:08:21,2025-11-04 01:51:33.655688238,13.38,credit_card,gift_card,US,245.80332574434905,21,0,0,0
TXN100670,1069,2026-07-07 23:20:50,2026-01-11 09:34:56.901283818,16.27,credit_card,dine_in_topup,GB,177.573531235141,23,0,0,0
TXN100671,1171,2026-07-07 23:21:46,2026-05-18 00:30:39.878444115,7.29,credit_card,subscription,GB,50.9521541846746,23,0,0,0
TXN100672,1234,2026-07-08 00:03:03,2026-03-15 00:44:09.128071993,26.09,wallet,subscription,SA,114.97145685101862,0,1,0,0
TXN100673,1207,2026-07-08 00:47:09,2025-07-21 05:47:07.319672226,11.22,debit_card,subscription,GB,351.79168611490485,0,0,0,0
TXN100674,1231,2026-07-08 00:48:39,2026-05-25 23:16:50.926430910,19.31,credit_card,dine_in_topup,SA,43.0637508514941,0,0,0,0
TXN100675,1214,2026-07-08 02:07:20,2026-07-01 07:03:12.126775640,11.87,wallet,dine_in_topup,AE,6.794535569726389,2,0,0,0
TXN100676,1114,2026-07-08 02:25:35,2024-01-20 02:25:35.000000000,3.1,wallet,subscription,AE,900.0,2,0,0,0
TXN100677,1270,2026-07-08 02:33:08,2026-05-09 03:04:45.858017257,20.52,wallet,gift_card,GB,59.97803405072619,2,0,0,0
TXN100678,1051,2026-07-08 05:59:41,2024-12-29 04:19:49.280168231,13.97,credit_card,subscription,PK,556.069348609164,5,0,0,0
TXN100679,1209,2026-07-08 12:31:55,2026-03-22 23:41:23.944817851,4.86,cash_on_delivery,dine_in_topup,PK,107.53508165720079,12,0,0,0
TXN100680,1033,2026-07-08 13:03:47,2026-03-31 11:12:50.076202624,6.7,credit_card,gift_card,AE,99.0770477291363,13,0,0,0
TXN100681,1229,2026-07-08 13:38:53,2026-03-03 16:20:37.502016071,26.58,wallet,delivery,AE,126.88767937481398,13,1,0,0
TXN100682,1026,2026-07-08 14:42:41,2026-03-26 18:56:02.930561696,5.01,wallet,dine_in_topup,PK,103.82405172961,14,0,0,0
TXN100683,1064,2026-07-08 14:56:46,2025-06-09 05:32:09.194806816,11.02,credit_card,delivery,GB,394.3920926526989,14,0,0,0
TXN100684,1117,2026-07-08 15:57:15,2026-05-04 15:27:18.193802355,47.19,debit_card,dine_in_topup,US,65.0207963680283,15,1,0,0
TXN100685,1208,2026-07-08 16:22:07,2026-06-18 20:28:19.300726361,20.86,credit_card,gift_card,AE,19.8290242971486,16,0,0,0
TXN100686,1013,2026-07-08 19:20:01,2025-11-16 00:26:04.250356000,24.27,debit_card,gift_card,AE,234.7874623801389,19,1,0,0
TXN100687,1077,2026-07-08 21:27:18,2026-02-20 23:44:49.387027774,12.62,wallet,dine_in_topup,SA,137.90449783532668,21,0,0,0
TXN100688,1100,2026-07-08 22:53:36,2026-07-04 16:30:12.282027053,4.59,debit_card,subscription,SA,4.266246735797997,22,0,0,0
TXN100689,1219,2026-07-09 00:09:48,2026-02-22 02:49:00.596020753,17.31,wallet,dine_in_topup,PK,136.88943754605612,0,0,0,0
TXN100690,1288,2026-07-09 00:39:42,2025-12-21 00:41:33.201147778,7.03,cash_on_delivery,delivery,GB,199.99871294967846,0,0,0,1
TXN100691,1184,2026-07-09 00:47:29,2026-05-24 06:32:14.696625737,6.57,credit_card,dine_in_topup,AE,45.7605822149799,0,0,0,0
TXN100692,1152,2026-07-09 00:57:28,2026-05-06 13:19:29.526434600,16.03,debit_card,subscription,AE,63.48470455515509,0,0,0,0
TXN100693,1100,2026-07-09 02:31:52,2026-06-23 14:17:18.892804373,7.36,credit_card,dine_in_topup,US,15.510105407356793,2,0,1,0
TXN100694,1246,2026-07-09 03:05:17,2026-05-29 02:08:28.247564454,14.84,wallet,gift_card,SA,41.039453153189186,3,0,0,0
TXN100695,1032,2026-07-09 03:55:49,2026-02-23 12:24:00.626880921,9.43,credit_card,dine_in_topup,US,135.64708765184122,3,0,0,0
TXN100696,1038,2026-07-09 04:35:35,2026-07-05 10:22:32.107192748,14.5,cash_on_delivery,delivery,SA,3.7590612593431945,4,0,0,0
TXN100697,1060,2026-07-09 11:01:08,2026-01-10 16:05:16.046455725,10.55,debit_card,gift_card,SA,179.7887957586143,11,0,0,0
TXN100698,1080,2026-07-09 11:03:25,2025-07-25 07:37:21.617087225,14.77,wallet,gift_card,GB,349.1430947096386,11,0,0,0
TXN100699,1138,2026-07-09 11:37:43,2026-06-25 12:08:30.397154007,36.19,credit_card,dine_in_topup,GB,13.978618088495288,11,1,0,0
TXN100700,1283,2026-07-09 12:03:40,2026-04-30 14:02:38.947452513,24.62,debit_card,dine_in_topup,GB,69.9173732933737,12,1,0,0
TXN100701,1195,2026-07-09 12:26:57,2026-06-11 03:29:59.094310760,13.7,credit_card,gift_card,AE,28.372892426958796,12,0,0,0
TXN100702,1115,2026-07-09 13:44:16,2026-04-20 21:30:17.252233604,32.61,wallet,gift_card,SA,79.6763743954444,13,1,0,0
TXN100703,1063,2026-07-09 15:09:20,2025-12-31 04:18:14.617344164,19.49,credit_card,delivery,SA,190.4521456325907,15,0,0,0
TXN100704,1194,2026-07-09 15:18:47,2026-03-03 06:45:04.982317809,31.2,credit_card,dine_in_topup,GB,128.3567363157661,15,1,0,0
TXN100705,1075,2026-07-09 22:42:47,2026-05-07 23:09:02.630068357,5.38,wallet,dine_in_topup,GB,62.9817635408755,22,0,0,0
TXN100706,1292,2026-07-09 22:42:51,2026-06-14 08:48:22.697410339,7.42,wallet,delivery,SA,25.57949424293589,22,0,0,0
TXN100707,1143,2026-07-10 08:27:25,2025-03-12 19:39:29.939775638,17.17,debit_card,subscription,PK,484.53327616000416,8,0,0,0
TXN100708,1165,2026-07-10 09:17:59,2026-06-03 11:46:40.347096560,13.48,debit_card,dine_in_topup,PK,36.89674366786389,9,0,0,0
TXN100709,1271,2026-07-10 17:20:30,2026-05-28 04:35:50.924716669,14.79,debit_card,subscription,SA,43.53100781577929,17,0,0,0
TXN100710,1091,2026-07-10 18:51:37,2026-07-10 03:59:22.013851161,21.57,cash_on_delivery,gift_card,US,0.6196178952411922,18,0,0,1
TXN100711,1141,2026-07-10 22:06:30,2025-01-22 16:52:36.476989069,17.29,debit_card,dine_in_topup,GB,534.2179805904042,22,0,0,0
TXN100712,1159,2026-07-10 22:17:18,2026-01-09 08:25:49.302814762,26.15,cash_on_delivery,gift_card,US,182.577415476681,22,1,0,0
TXN100713,1081,2026-07-11 00:47:28,2025-11-13 22:33:20.526592133,25.69,credit_card,gift_card,US,239.0931420533318,0,1,0,1
TXN100714,1016,2026-07-11 01:07:33,2025-11-20 11:13:24.742546461,7.66,credit_card,delivery,PK,232.5792622390456,1,0,0,0
TXN100715,1085,2026-07-11 02:42:13,2026-05-08 02:34:00.738105672,3.16,debit_card,dine_in_topup,AE,64.00569747562879,2,0,0,0
TXN100716,1033,2026-07-11 03:07:55,2026-05-01 06:09:05.248591369,7.33,credit_card,delivery,PK,70.8741869375999,3,0,0,0
TXN100717,1202,2026-07-11 03:52:07,2025-12-21 16:57:00.426491061,7.01,wallet,delivery,US,201.45493719339052,3,0,0,0
TXN100718,1002,2026-07-11 06:11:42,2026-02-07 00:27:40.713437083,15.53,debit_card,delivery,PK,154.2389037796634,6,0,0,0
TXN100719,1094,2026-07-11 08:50:19,2026-07-01 07:39:56.065780080,15.4,debit_card,gift_card,SA,10.048876553471295,8,0,0,0
TXN100720,1265,2026-07-11 09:26:44,2026-04-19 13:45:44.362046827,12.94,wallet,dine_in_topup,AE,82.8201346985321,9,0,0,0
TXN100721,1170,2026-07-11 10:12:27,2025-06-14 00:52:22.536822136,19.98,credit_card,delivery,GB,392.38894054604015,10,0,0,0
TXN100722,1201,2026-07-11 12:08:42,2026-03-22 11:49:45.688779152,60.55,debit_card,gift_card,PK,111.01315175024129,12,1,0,0
TXN100723,1200,2026-07-11 13:22:05,2026-03-12 06:46:12.721727901,12.75,cash_on_delivery,dine_in_topup,PK,121.2749106281493,13,0,0,0
TXN100724,1089,2026-07-11 15:43:33,2026-06-04 20:33:16.616922747,17.65,wallet,dine_in_topup,US,36.7988007300608,15,0,0,0
TXN100725,1189,2026-07-11 16:04:10,2025-03-15 08:02:07.443887789,14.79,wallet,delivery,GB,483.33475180685423,16,0,0,0
TXN100726,1066,2026-07-11 16:38:41,2025-09-21 00:05:37.730540273,9.92,wallet,gift_card,SA,293.68962117430243,16,0,0,0
TXN100727,1190,2026-07-11 16:44:09,2026-04-16 17:18:48.310593831,21.7,debit_card,gift_card,US,85.97593390516398,16,0,0,0
TXN100728,1204,2026-07-11 18:14:41,2026-05-19 18:55:32.667494428,12.34,cash_on_delivery,gift_card,GB,52.97162421881448,18,0,0,0
TXN100729,1262,2026-07-11 19:03:05,2026-06-02 19:11:52.106575590,8.55,cash_on_delivery,gift_card,GB,38.99389922944919,19,0,0,0
TXN100730,1275,2026-07-11 22:57:27,2026-05-09 18:14:12.641313754,8.99,debit_card,dine_in_topup,GB,63.196693966275994,22,0,0,0
TXN100731,1007,2026-07-12 01:19:40,2026-06-22 01:10:10.521178272,26.75,cash_on_delivery,delivery,GB,20.006591190066295,1,1,0,0
TXN100732,1089,2026-07-12 02:54:16,2026-06-08 09:04:53.719632168,21.36,credit_card,subscription,PK,33.7426189857388,2,0,1,0
TXN100733,1164,2026-07-12 03:48:21,2026-07-06 04:11:12.521119323,10.68,debit_card,dine_in_topup,US,5.984125912970799,3,0,0,0
TXN100734,1096,2026-07-12 04:00:55,2025-11-17 12:17:07.638542213,19.77,debit_card,gift_card,SA,236.6554092761318,4,0,0,0
TXN100735,1185,2026-07-12 04:08:13,2026-07-01 15:11:44.446902785,14.91,wallet,subscription,US,10.5392193645511,4,0,0,0
TXN100736,1256,2026-07-12 04:45:39,2026-07-05 19:36:31.274639049,17.85,wallet,gift_card,PK,6.381339413899896,4,0,0,1
TXN100737,1077,2026-07-12 05:01:01,2025-11-20 01:35:05.552239758,9.75,debit_card,delivery,GB,234.14300286759536,5,0,0,0
TXN100738,1268,2026-07-12 07:42:17,2026-04-10 00:11:24.157954012,7.16,debit_card,subscription,AE,93.31311159775449,7,0,0,0
TXN100739,1264,2026-07-12 08:35:53,2026-02-07 03:10:50.012917981,12.29,wallet,dine_in_topup,US,155.22572901715301,8,0,0,0
TXN100740,1274,2026-07-12 08:52:44,2025-12-15 19:09:13.740996059,8.01,debit_card,dine_in_topup,US,208.5718779977308,8,0,0,0
TXN100741,1022,2026-07-12 11:18:29,2026-04-21 04:47:37.507393814,7.62,debit_card,subscription,GB,82.2714293125716,11,0,0,0
TXN100742,1087,2026-07-12 11:25:27,2026-01-31 16:13:33.836955768,5.59,debit_card,dine_in_topup,SA,161.7999208685675,11,0,0,0
TXN100743,1037,2026-07-12 12:49:34,2026-04-15 07:33:01.959939061,3.17,cash_on_delivery,delivery,GB,88.2198152784831,12,0,0,0
TXN100744,1036,2026-07-12 14:59:28,2025-04-13 08:10:53.266553533,10.81,wallet,gift_card,SA,455.28373534081555,14,0,0,0
TXN100745,1015,2026-07-12 18:37:17,2025-12-21 21:03:51.320113235,29.98,credit_card,delivery,PK,202.8982138875783,18,1,0,0
TXN100746,1131,2026-07-12 18:40:04,2026-05-30 08:05:39.149560148,25.37,cash_on_delivery,delivery,GB,43.4405653986094,18,1,0,0
TXN100747,1026,2026-07-12 20:42:48,2026-04-17 15:43:46.304749850,39.66,wallet,delivery,US,86.2076585098397,20,1,0,0
TXN100748,1088,2026-07-12 20:52:36,2026-06-16 06:12:41.423450093,7.4,debit_card,subscription,GB,26.611048339698,20,0,0,0
TXN100749,1294,2026-07-13 01:47:46,2026-02-10 11:37:11.324636248,22.62,wallet,gift_card,PK,152.5906791130064,1,0,0,0
TXN100750,1265,2026-07-13 02:53:32,2026-06-09 17:24:49.064704073,13.66,credit_card,subscription,US,33.394941380739894,2,0,0,0
TXN100751,1281,2026-07-13 04:17:50,2026-04-16 22:30:38.826426223,9.0,credit_card,delivery,PK,87.24110154599279,4,0,0,0
TXN100752,1010,2026-07-13 04:40:32,2026-04-14 00:05:09.606757127,27.82,debit_card,delivery,GB,90.191231403274,4,1,0,0
TXN100753,1198,2026-07-13 07:02:25,2026-04-06 03:30:49.532335625,13.75,cash_on_delivery,dine_in_topup,AE,98.1469382831525,7,0,0,0
TXN100754,1190,2026-07-13 09:09:50,2026-06-09 03:25:04.526299474,4.23,debit_card,dine_in_topup,PK,34.2394152048672,9,0,0,0
TXN100755,1039,2026-07-13 13:09:50,2026-04-14 21:42:33.760661476,25.2,debit_card,delivery,PK,89.64393795530698,13,1,0,0
TXN100756,1271,2026-07-13 13:12:13,2025-11-30 10:34:26.741607027,18.9,cash_on_delivery,delivery,AE,225.10956317584458,13,0,0,0
TXN100757,1121,2026-07-13 14:46:44,2026-06-07 22:13:30.355602880,16.12,cash_on_delivery,gift_card,SA,35.6897412545963,14,0,0,0
TXN100758,1293,2026-07-13 15:33:23,2026-05-23 07:42:24.053168812,6.45,debit_card,gift_card,SA,51.32707114387949,15,0,0,0
TXN100759,1034,2026-07-13 16:19:10,2026-02-18 20:11:08.828441626,17.38,credit_card,dine_in_topup,PK,144.8389024485923,16,0,0,0
TXN100760,1195,2026-07-13 16:46:34,2026-06-16 05:29:35.977946499,36.26,wallet,delivery,SA,27.470115995989595,16,1,0,0
TXN100761,1039,2026-07-13 17:21:58,2025-07-14 13:06:57.349621887,18.56,wallet,dine_in_topup,US,364.1770908608578,17,0,1,0
TXN100762,1284,2026-07-13 17:52:42,2026-01-20 11:09:33.964652240,5.07,cash_on_delivery,dine_in_topup,AE,174.2799541128213,17,0,0,0
TXN100763,1182,2026-07-13 21:09:44,2026-01-20 00:54:14.369401690,19.49,cash_on_delivery,delivery,SA,174.8440929467397,21,0,0,0
TXN100764,1022,2026-07-14 00:14:32,2026-02-13 09:20:58.567550369,18.69,wallet,gift_card,AE,150.6205258385374,0,0,0,0
TXN100765,1064,2026-07-14 01:12:36,2026-05-30 09:01:27.500548337,23.81,credit_card,dine_in_topup,PK,44.67440392883869,1,1,0,0
TXN100766,1107,2026-07-14 02:05:52,2026-05-01 22:43:47.659896680,18.35,credit_card,subscription,AE,73.1403280104551,2,0,0,0
TXN100767,1003,2026-07-14 09:25:41,2026-04-19 07:39:01.108591121,7.63,wallet,delivery,PK,86.0740728172324,9,0,0,0
TXN100768,1002,2026-07-14 10:57:56,2026-04-12 23:56:20.876022564,15.55,wallet,subscription,US,92.4594343052944,10,0,0,0
TXN100769,1277,2026-07-14 13:16:16,2026-01-29 05:27:37.571673479,12.44,debit_card,gift_card,PK,166.3254447722977,13,0,0,0
TXN100770,1294,2026-07-14 13:48:49,2026-05-30 13:16:51.405803233,16.8,debit_card,gift_card,AE,45.022194377277394,13,0,0,0
TXN100771,1160,2026-07-14 15:42:19,2026-05-02 20:13:59.649809302,28.48,wallet,gift_card,AE,72.8113350716516,15,1,0,0
TXN100772,1270,2026-07-14 16:06:54,2025-05-21 03:01:44.680235472,9.41,debit_card,delivery,GB,419.54524675653386,16,0,0,0
TXN100773,1196,2026-07-14 16:37:53,2025-08-04 09:31:52.269029781,43.48,credit_card,dine_in_topup,SA,344.2958417936368,16,1,0,0
TXN100774,1008,2026-07-14 17:54:03,2026-06-01 18:55:21.725680923,19.4,cash_on_delivery,gift_card,PK,42.9574221564708,17,0,0,0
TXN100775,1214,2026-07-14 17:57:03,2026-03-04 10:00:55.126598408,25.29,debit_card,gift_card,GB,132.33064668288878,17,1,0,0
TXN100776,1005,2026-07-14 19:17:38,2026-06-15 00:03:03.600267455,23.15,debit_card,gift_card,PK,29.801787033941494,19,0,0,0
TXN100777,1244,2026-07-14 20:17:57,2026-05-26 13:46:16.763538073,18.9,credit_card,delivery,SA,49.2719934775686,20,0,0,0
TXN100778,1110,2026-07-14 23:23:15,2026-05-29 00:30:16.267571802,21.21,debit_card,delivery,AE,46.95345755125229,23,0,0,0
TXN100779,1042,2026-07-15 01:26:54,2026-03-08 10:31:42.885770033,2.12,cash_on_delivery,dine_in_topup,SA,128.6216564146987,1,0,0,0
TXN100780,1077,2026-07-15 02:59:46,2025-08-30 23:14:38.480112790,23.13,credit_card,delivery,GB,318.1563370357316,2,0,0,0
TXN100781,1205,2026-07-15 03:08:53,2026-04-29 15:17:27.576891593,8.04,credit_card,delivery,AE,76.4940442489399,3,0,0,0
TXN100782,1254,2026-07-15 05:44:37,2025-07-16 21:20:06.056039083,14.3,credit_card,delivery,AE,363.3503581476958,5,0,0,0
TXN100783,1171,2026-07-15 10:48:07,2025-10-20 23:05:07.859965245,18.81,credit_card,gift_card,AE,267.48818449114304,10,0,0,0
TXN100784,1048,2026-07-15 11:41:18,2026-04-15 21:46:42.089608701,29.29,wallet,subscription,US,90.5795822961956,11,1,0,0
TXN100785,1270,2026-07-15 13:12:40,2026-02-28 18:01:57.262140158,8.04,debit_card,dine_in_topup,US,136.7991057622667,13,0,1,0
TXN100786,1237,2026-07-15 16:01:54,2026-03-22 13:53:52.070678340,10.99,cash_on_delivery,subscription,GB,115.08891121900069,16,0,0,0
TXN100787,1122,2026-07-15 16:24:49,2025-12-12 08:06:23.828121447,12.01,debit_card,subscription,US,215.34612467452027,16,0,0,0
TXN100788,1166,2026-07-15 20:20:51,2026-03-29 16:31:52.531691086,16.93,wallet,subscription,GB,108.1590100498717,20,0,0,0
TXN100789,1289,2026-07-15 20:30:10,2026-04-21 00:59:48.667922400,12.51,credit_card,gift_card,US,85.8127468990463,20,0,0,0
TXN100790,1113,2026-07-15 22:32:01,2026-03-27 22:49:43.906076924,21.27,debit_card,gift_card,AE,109.98769784633188,22,0,0,0
TXN100791,1007,2026-07-16 02:36:52,2026-04-02 21:44:38.710614652,4.33,debit_card,delivery,AE,104.20293159010821,2,0,0,0
TXN100792,1043,2026-07-16 03:29:39,2026-06-10 15:17:48.111250409,13.56,credit_card,delivery,GB,35.508227879046196,3,0,0,0
TXN100793,1180,2026-07-16 03:44:00,2026-07-13 05:14:00.105786545,38.52,debit_card,dine_in_topup,PK,2.937498775618692,3,1,0,0
TXN100794,1299,2026-07-16 06:45:26,2026-05-16 12:21:34.445466769,12.53,debit_card,gift_card,AE,60.76656891820869,6,0,0,0
TXN100795,1221,2026-07-16 06:48:33,2026-05-23 14:57:47.259820174,19.45,debit_card,gift_card,AE,53.66025162245168,6,0,0,0
TXN100796,1185,2026-07-16 08:11:04,2024-07-29 19:38:05.302039029,26.47,wallet,subscription,GB,716.5229015967705,8,1,0,0
TXN100797,1096,2026-07-16 08:19:13,2026-04-06 22:29:14.143753024,19.04,cash_on_delivery,dine_in_topup,PK,100.40970898434,8,0,0,0
TXN100798,1131,2026-07-16 08:59:53,2026-03-31 23:10:46.504090087,45.94,cash_on_delivery,subscription,US,106.40910296192028,8,1,0,0
TXN100799,1011,2026-07-16 09:56:56,2026-03-07 17:22:20.498600252,15.79,credit_card,gift_card,GB,130.6906886736082,9,0,0,0
TXN100800,1111,2026-07-16 10:04:21,2026-02-24 10:53:06.703891507,21.96,wallet,dine_in_topup,SA,141.96613768644087,10,0,0,0
TXN100801,1187,2026-07-16 12:34:17,2026-06-25 10:34:57.290715556,17.39,cash_on_delivery,subscription,US,21.082867005606992,12,0,0,0
TXN100802,1271,2026-07-16 12:35:54,2026-04-29 12:04:40.627093690,33.72,cash_on_delivery,subscription,SA,78.02168255678599,12,1,0,0
TXN100803,1276,2026-07-16 12:49:33,2026-07-06 12:59:15.147214627,11.35,debit_card,subscription,GB,9.99326218501589,12,0,0,0
TXN100804,1246,2026-07-16 14:30:19,2026-07-16 10:31:41.301626556,48.28,cash_on_delivery,subscription,GB,0.16571410154449073,14,1,0,1
TXN100805,1006,2026-07-16 16:24:06,2026-04-20 10:52:05.131385770,9.57,cash_on_delivery,gift_card,AE,87.230565608961,16,0,0,0
TXN100806,1243,2026-07-16 16:26:18,2025-03-25 09:16:29.488023825,40.85,debit_card,dine_in_topup,SA,478.2984781478724,16,1,0,0
TXN100807,1065,2026-07-16 17:03:51,2026-04-30 16:59:35.020230359,7.43,cash_on_delivery,subscription,AE,77.00296272881529,17,0,0,0
TXN100808,1184,2026-07-16 19:05:26,2026-07-07 23:06:45.246728150,22.41,wallet,gift_card,PK,8.832416125831596,19,0,0,0
TXN100809,1283,2026-07-16 20:14:03,2026-06-05 07:33:23.069519362,14.91,cash_on_delivery,gift_card,PK,41.528239936118496,20,0,0,0
TXN100810,1266,2026-07-16 21:44:41,2026-06-22 12:12:08.905436358,26.12,wallet,delivery,GB,24.39759368707919,21,1,0,0
TXN100811,1199,2026-07-16 22:57:55,2026-02-11 19:12:11.984945715,19.76,cash_on_delivery,gift_card,GB,155.15674785942457,22,0,0,0
TXN100812,1089,2026-07-17 00:58:15,2026-06-01 01:26:03.164402279,25.23,cash_on_delivery,delivery,PK,45.98069254164029,0,1,0,0
TXN100813,1156,2026-07-17 01:33:51,2026-03-14 09:35:03.657928919,7.26,cash_on_delivery,delivery,SA,124.66582571841529,1,0,0,0
TXN100814,1211,2026-07-17 01:41:02,2026-05-11 16:38:06.973973924,4.82,debit_card,gift_card,AE,66.37702576419069,1,0,0,0
TXN100815,1154,2026-07-17 02:07:10,2026-03-15 06:03:55.156815990,6.49,wallet,delivery,GB,123.83558846277788,2,0,0,0
TXN100816,1121,2026-07-17 02:56:57,2026-03-24 04:00:41.848830048,6.39,wallet,delivery,US,114.95573091631888,2,0,0,0
TXN100817,1120,2026-07-17 03:42:39,2025-10-26 04:28:29.903608793,7.2,cash_on_delivery,subscription,US,263.9681608378612,3,0,0,0
TXN100818,1179,2026-07-17 04:55:23,2026-06-03 00:23:37.671959675,10.01,debit_card,subscription,GB,44.1887190745408,4,0,0,0
TXN100819,1010,2026-07-17 05:50:53,2026-05-27 03:08:38.440324011,9.95,debit_card,gift_card,SA,51.11266851476839,5,0,0,0
TXN100820,1299,2026-07-17 06:28:20,2026-04-30 12:05:15.749245991,15.14,wallet,subscription,GB,77.76602142076399,6,0,1,0
TXN100821,1030,2026-07-17 06:35:35,2026-04-19 04:18:44.648702806,8.43,cash_on_delivery,dine_in_topup,SA,89.09502721408789,6,0,0,0
TXN100822,1295,2026-07-17 08:53:45,2026-06-19 13:59:43.120738060,8.89,cash_on_delivery,dine_in_topup,SA,27.787521750716895,8,0,0,0
TXN100823,1010,2026-07-17 09:26:31,2026-04-11 23:34:27.697735003,13.04,credit_card,gift_card,AE,96.4111493317708,9,0,1,0
TXN100824,1153,2026-07-17 09:57:52,2026-02-07 10:41:59.437945360,28.43,cash_on_delivery,delivery,US,159.9693583571139,9,1,0,0
TXN100825,1125,2026-07-17 10:31:59,2026-06-11 09:27:57.518523042,11.22,cash_on_delivery,dine_in_topup,PK,36.04446159116849,10,0,0,0
TXN100826,1172,2026-07-17 10:37:03,2025-11-01 10:50:45.545557846,14.49,credit_card,dine_in_topup,SA,257.99047979678414,10,0,0,0
TXN100827,1130,2026-07-17 11:10:21,2025-12-15 10:11:41.082675041,16.07,credit_card,dine_in_topup,SA,214.0407397838537,11,0,0,0
TXN100828,1269,2026-07-17 12:31:13,2025-12-31 07:31:30.603688350,7.76,credit_card,dine_in_topup,SA,198.20812958694037,12,0,0,0
TXN100829,1004,2026-07-17 12:56:29,2026-01-31 06:45:51.826157868,11.96,cash_on_delivery,gift_card,GB,167.2573746972469,12,0,0,0
TXN100830,1295,2026-07-17 15:35:39,2026-03-11 17:27:39.249154931,9.37,cash_on_delivery,subscription,SA,127.92221933848458,15,0,1,1
TXN100831,1206,2026-07-17 15:53:49,2026-04-29 00:47:53.173911836,26.73,wallet,subscription,GB,79.6291183575019,15,1,0,0
TXN100832,1233,2026-07-18 01:00:46,2026-03-08 00:53:39.366566553,25.35,wallet,dine_in_topup,AE,132.00493788696122,1,1,0,0
TXN100833,1041,2026-07-18 02:47:23,2025-11-29 14:31:04.381742219,8.74,debit_card,subscription,AE,230.5113266002058,2,0,0,0
TXN100834,1019,2026-07-18 03:54:09,2026-05-10 18:30:51.507313831,14.3,cash_on_delivery,gift_card,US,68.3911746838677,3,0,0,0
TXN100835,1119,2026-07-18 04:37:48,2026-06-26 06:19:08.254132617,21.97,credit_card,gift_card,US,21.929626688279896,4,0,0,0
TXN100836,1096,2026-07-18 06:32:59,2025-07-05 12:47:03.827562864,18.39,debit_card,delivery,GB,377.74022190320755,6,0,0,0
TXN100837,1234,2026-07-18 09:55:03,2025-09-09 12:50:04.375350644,19.68,credit_card,subscription,GB,311.878456303812,9,0,0,0
TXN100838,1268,2026-07-18 11:56:02,2026-05-25 13:15:09.305790982,7.79,cash_on_delivery,delivery,SA,53.94505433112289,11,0,0,0
TXN100839,1128,2026-07-18 12:13:02,2026-05-19 10:37:39.499654857,39.92,wallet,gift_card,GB,60.06623264288359,12,1,0,0
TXN100840,1230,2026-07-18 15:32:51,2026-01-11 01:46:35.496003513,9.88,wallet,gift_card,PK,188.5737905555149,15,0,0,0
TXN100841,1017,2026-07-18 19:49:25,2026-05-09 10:23:25.923205830,9.69,cash_on_delivery,dine_in_topup,AE,70.39304487030289,19,0,0,0
TXN100842,1222,2026-07-18 20:14:58,2026-05-07 05:54:31.812850883,5.99,credit_card,delivery,AE,72.59752531422589,20,0,0,0
TXN100843,1029,2026-07-18 20:59:14,2026-04-15 02:29:34.063576486,13.42,cash_on_delivery,dine_in_topup,GB,94.7706011160129,20,0,0,0
TXN100844,1200,2026-07-18 21:03:18,2026-06-16 06:41:53.711780733,30.35,credit_card,subscription,AE,32.598197780315594,21,1,0,0
TXN100845,1114,2026-07-18 21:17:53,2026-04-10 01:33:55.606800573,18.27,cash_on_delivery,delivery,SA,99.8221920509193,21,0,0,0
TXN100846,1124,2026-07-18 23:03:39,2026-06-19 14:57:34.031459715,14.12,wallet,subscription,AE,29.337557506253297,23,0,0,0
TXN100847,1082,2026-07-18 23:05:45,2026-05-26 08:06:44.449775688,24.18,cash_on_delivery,gift_card,US,53.6243119238925,23,1,0,0
TXN100848,1120,2026-07-19 01:26:19,2026-06-07 16:13:56.464899067,29.87,credit_card,gift_card,SA,41.3835941562608,1,1,0,0
TXN100849,1262,2026-07-19 01:33:09,2026-07-09 08:05:56.988810001,25.31,cash_on_delivery,dine_in_topup,AE,9.7272223517361,1,1,0,0
TXN100850,1242,2026-07-19 03:09:36,2025-11-09 06:01:43.337196550,4.01,cash_on_delivery,dine_in_topup,PK,251.88047063429917,3,0,0,0
TXN100851,1102,2026-07-19 03:22:25,2026-06-01 03:16:31.380792537,24.31,credit_card,gift_card,AE,48.00409281490119,3,1,0,0
TXN100852,1088,2026-07-19 03:35:14,2026-06-04 19:56:39.295649486,20.19,wallet,dine_in_topup,AE,44.318457226279094,3,0,0,0
TXN100853,1152,2026-07-19 03:44:19,2024-05-17 15:59:30.553247749,8.62,cash_on_delivery,delivery,GB,792.489449615188,3,0,0,0
TXN100854,1205,2026-07-19 03:54:03,2026-04-01 14:23:23.644595397,20.24,debit_card,gift_card,GB,108.5629555023681,3,0,0,0
TXN100855,1054,2026-07-19 05:01:11,2026-07-12 16:45:14.623258625,30.39,debit_card,delivery,US,6.511069175247395,5,1,0,0
TXN100856,1217,2026-07-19 05:40:33,2026-05-11 22:38:41.970041309,10.17,debit_card,dine_in_topup,US,68.292951735633,5,0,0,0
TXN100857,1284,2026-07-19 07:05:54,2026-05-29 19:42:36.838279316,26.47,wallet,gift_card,US,50.47450418658199,7,1,0,1
TXN100858,1253,2026-07-19 07:25:01,2026-05-01 08:13:17.288795368,18.53,cash_on_delivery,subscription,PK,78.9664781389425,7,0,0,0
TXN100859,1164,2026-07-19 11:17:49,2026-06-24 04:25:18.198612554,2.33,wallet,delivery,PK,25.286467608650995,11,0,0,0
TXN100860,1095,2026-07-19 11:24:54,2026-06-26 12:25:43.580021137,14.82,wallet,subscription,GB,22.9577594904961,11,0,0,0
TXN100861,1097,2026-07-19 12:34:21,2026-07-07 22:10:52.192501940,18.05,cash_on_delivery,subscription,SA,11.599638975671992,12,0,0,0
TXN100862,1222,2026-07-19 14:34:34,2026-02-14 10:28:55.924745203,12.28,cash_on_delivery,subscription,US,155.17057957470828,14,0,1,0
TXN100863,1136,2026-07-19 14:48:15,2026-07-16 01:33:10.053570748,18.98,debit_card,gift_card,PK,3.552140583671898,14,0,0,0
TXN100864,1031,2026-07-19 15:51:39,2026-01-14 17:21:18.475786886,13.79,cash_on_delivery,gift_card,SA,185.9377375487629,15,0,0,0
TXN100865,1203,2026-07-19 17:10:19,2026-06-28 14:36:32.035321243,54.48,debit_card,delivery,AE,21.106793572670796,17,1,0,0
TXN100866,1041,2026-07-19 17:15:36,2026-01-26 10:38:59.731999285,11.71,wallet,gift_card,GB,174.2754197685268,17,0,0,1
TXN100867,1296,2026-07-19 19:07:50,2026-02-15 06:32:31.145387463,8.78,debit_card,gift_card,SA,154.5245237802377,19,0,0,0
TXN100868,1125,2026-07-19 20:23:46,2026-03-08 16:16:31.730735136,25.62,cash_on_delivery,dine_in_topup,SA,133.1716929313063,20,1,0,0
TXN100869,1102,2026-07-19 23:16:18,2026-07-15 06:12:09.051250336,12.73,wallet,delivery,PK,4.711214684602592,23,0,1,0
TXN100870,1016,2026-07-20 02:19:29,2026-05-28 10:07:00.461013755,14.28,wallet,subscription,PK,52.6753303123408,2,0,0,0
TXN100871,1050,2026-07-20 03:17:31,2026-03-13 21:09:55.708507465,13.48,debit_card,gift_card,GB,128.25526957745993,3,0,0,0
TXN100872,1284,2026-07-20 05:15:19,2026-07-17 15:51:09.665966654,24.72,wallet,subscription,GB,2.55844136612669,5,1,1,0
TXN100873,1161,2026-07-20 06:09:02,2026-06-04 15:54:58.564286898,7.16,cash_on_delivery,subscription,SA,45.5930953207535,6,0,0,0
TXN100874,1270,2026-07-20 07:50:18,2026-05-19 08:41:24.297958841,26.43,debit_card,delivery,US,61.9645104402912,7,1,0,0
TXN100875,1286,2026-07-20 08:04:40,2025-11-10 02:01:05.924403677,21.26,cash_on_delivery,dine_in_topup,PK,252.25247772680933,8,0,0,0
TXN100876,1014,2026-07-20 09:58:34,2026-06-18 06:20:04.701255735,43.57,debit_card,gift_card,GB,32.15172799472529,9,1,0,0
TXN100877,1114,2026-07-20 11:18:41,2026-06-23 23:21:35.650103029,17.15,credit_card,subscription,GB,26.4979785867705,11,0,0,0
TXN100878,1251,2026-07-20 12:33:37,2025-06-05 03:47:40.294946200,7.52,wallet,delivery,US,410.36523964182635,12,0,0,0
TXN100879,1148,2026-07-20 13:34:57,2026-05-26 17:08:59.893452261,17.27,wallet,gift_card,GB,54.85135539985809,13,0,0,0
TXN100880,1152,2026-07-20 13:36:34,2026-05-26 10:55:56.195710354,18.69,debit_card,dine_in_topup,AE,55.111548660759794,13,0,0,0
TXN100881,1171,2026-07-20 14:52:16,2026-01-28 15:01:52.679590988,32.06,wallet,delivery,SA,172.99332546769688,14,1,0,0
TXN100882,1210,2026-07-20 14:54:34,2026-02-23 04:24:22.572557170,7.5,wallet,gift_card,PK,147.4376322620698,14,0,0,0
TXN100883,1281,2026-07-20 18:01:27,2026-05-12 00:25:33.727556765,5.07,cash_on_delivery,delivery,SA,69.73325546809299,18,0,0,0
TXN100884,1266,2026-07-20 18:07:34,2026-03-26 23:35:49.186509055,17.51,cash_on_delivery,gift_card,SA,115.77204645244149,18,0,0,0
TXN100885,1187,2026-07-20 19:33:07,2026-06-01 23:06:46.366797933,44.76,cash_on_delivery,gift_card,GB,48.851627699097996,19,1,0,0
TXN100886,1173,2026-07-20 20:03:39,2026-02-27 11:39:10.236019369,23.29,debit_card,dine_in_topup,SA,143.3503329164425,20,0,0,0
TXN100887,1108,2026-07-20 20:52:33,2026-07-02 17:48:09.807067261,24.17,credit_card,delivery,SA,18.128046214499292,20,1,0,0
TXN100888,1034,2026-07-20 21:05:56,2026-07-02 17:22:53.584014202,5.88,credit_card,gift_card,PK,18.1548890739097,21,0,0,0
TXN100889,1212,2026-07-20 21:40:39,2026-05-29 01:33:50.507198779,15.66,wallet,delivery,US,52.838061259273395,21,0,0,0
TXN100890,1000,2026-07-20 22:01:38,2026-07-18 18:27:03.872130742,32.45,wallet,dine_in_topup,GB,2.1490061095978934,22,1,0,0
TXN100891,1209,2026-07-20 22:23:44,2026-06-19 13:27:15.278644957,18.84,wallet,dine_in_topup,SA,31.372554645312995,22,0,0,0
TXN100892,1149,2026-07-20 22:25:30,2026-04-22 19:04:31.415491834,4.85,credit_card,dine_in_topup,GB,89.13956695032599,22,0,0,0
TXN100893,1235,2026-07-20 23:49:41,2026-05-30 18:22:26.783847951,15.46,wallet,dine_in_topup,US,51.22724787213019,23,0,0,0
TXN100894,1284,2026-07-21 00:01:27,2026-07-03 07:08:04.356354902,22.26,cash_on_delivery,delivery,US,17.70373430144789,0,0,1,0
TXN100895,1165,2026-07-21 02:57:40,2024-07-02 11:36:16.476602239,14.36,wallet,delivery,PK,748.6398555948815,2,0,0,0
TXN100896,1171,2026-07-21 07:32:15,2025-11-28 00:47:07.629324182,8.15,wallet,gift_card,AE,235.28133530874788,7,0,1,0
TXN100897,1146,2026-07-21 07:34:14,2026-06-15 06:55:38.060610703,26.12,credit_card,subscription,US,36.02680485404279,7,1,0,0
TXN100898,1111,2026-07-21 09:10:52,2025-12-12 14:05:43.314704514,11.4,debit_card,dine_in_topup,SA,220.79523941314224,9,0,0,0
TXN100899,1026,2026-07-21 10:18:10,2025-09-15 10:38:58.984815553,20.02,wallet,dine_in_topup,SA,308.9855441572274,10,0,0,0
TXN100900,1009,2026-07-21 10:20:39,2026-02-04 10:53:16.142221523,15.19,wallet,dine_in_topup,GB,166.97734789095458,10,0,0,0
TXN100901,1216,2026-07-21 10:40:28,2026-07-14 15:48:42.684563968,11.11,wallet,delivery,PK,6.78594115088,10,0,0,0
TXN100902,1274,2026-07-21 11:19:37,2026-04-12 06:30:50.201551698,47.95,wallet,subscription,GB,100.2005416487072,11,1,0,0
TXN100903,1016,2026-07-21 12:26:02,2026-04-24 01:04:27.725194241,10.28,wallet,dine_in_topup,US,88.4733133658074,12,0,0,0
TXN100904,1098,2026-07-21 13:52:21,2026-04-20 13:33:02.587487683,16.04,debit_card,delivery,GB,92.0134075522259,13,0,0,0
TXN100905,1182,2026-07-21 14:11:16,2026-07-07 05:52:49.400833951,15.15,wallet,delivery,US,14.346141194051492,14,0,0,0
TXN100906,1211,2026-07-21 14:16:12,2026-02-20 19:05:48.486724861,17.22,debit_card,dine_in_topup,GB,150.7988832554993,14,0,0,0
TXN100907,1220,2026-07-21 15:18:06,2025-11-07 10:15:33.674535114,45.72,debit_card,dine_in_topup,AE,256.2100963595473,15,1,0,0
TXN100908,1208,2026-07-21 18:33:36,2026-07-11 09:28:28.931044224,22.27,debit_card,dine_in_topup,PK,10.37855403884,18,0,0,0
TXN100909,1025,2026-07-21 19:38:28,2026-06-13 19:32:19.370319035,11.04,wallet,dine_in_topup,AE,38.00426654723339,19,0,0,0
TXN100910,1076,2026-07-21 20:48:36,2026-07-20 11:10:42.808532388,37.0,cash_on_delivery,gift_card,SA,1.4013100864306944,20,1,0,0
TXN100911,1140,2026-07-21 21:34:19,2025-12-25 06:16:34.164614032,24.8,wallet,gift_card,PK,208.63732448363388,21,1,0,0
TXN100912,1019,2026-07-21 21:36:19,2024-12-21 12:59:44.966590879,11.18,credit_card,subscription,AE,577.3587272385315,21,0,0,0
TXN100913,1102,2026-07-21 22:33:05,2026-07-19 12:34:28.566681774,33.47,wallet,gift_card,AE,2.4156994597016896,22,1,0,0
TXN100914,1115,2026-07-21 22:35:23,2025-10-20 11:51:14.237741635,5.84,debit_card,gift_card,SA,274.4473236372496,22,0,0,0
TXN100915,1293,2026-07-22 01:31:49,2026-05-12 09:01:34.266951939,6.96,credit_card,gift_card,AE,70.68767052138959,1,0,0,0
TXN100916,1095,2026-07-22 02:45:50,2025-08-08 22:15:16.778645822,4.64,credit_card,dine_in_topup,SA,347.1878845064141,2,0,0,0
TXN100917,1291,2026-07-22 03:24:18,2025-04-26 22:42:11.639895659,3.47,cash_on_delivery,gift_card,SA,451.19590694565215,3,0,0,0
TXN100918,1210,2026-07-22 03:29:24,2026-01-08 14:44:01.993063172,31.97,debit_card,delivery,GB,194.53150470991702,3,1,0,0
TXN100919,1207,2026-07-22 05:51:29,2026-07-06 02:29:30.357493341,17.36,credit_card,subscription,AE,16.140262066049296,5,0,0,1
TXN100920,1245,2026-07-22 06:26:27,2026-04-17 11:47:41.300330910,4.93,credit_card,gift_card,US,95.7769178202441,6,0,0,0
TXN100921,1252,2026-07-22 08:53:51,2026-06-29 16:42:09.327354815,14.89,wallet,delivery,GB,22.674787877837787,8,0,0,0
TXN100922,1066,2026-07-22 09:16:25,2024-12-31 13:58:29.724342260,26.99,cash_on_delivery,delivery,PK,567.8041119867794,9,1,0,0
TXN100923,1126,2026-07-22 09:27:10,2026-05-06 11:26:35.098438221,9.07,debit_card,dine_in_topup,SA,76.917070619928,9,0,0,0
TXN100924,1158,2026-07-22 09:58:49,2026-06-21 23:51:41.206365024,12.28,credit_card,dine_in_topup,US,30.421617981886293,9,0,0,0
TXN100925,1293,2026-07-22 14:41:21,2026-06-09 18:53:41.671596888,49.38,debit_card,dine_in_topup,SA,42.82476074540639,14,1,1,0
TXN100926,1012,2026-07-22 14:47:51,2025-06-12 20:06:21.222184128,13.05,wallet,delivery,GB,404.7788168728689,14,0,0,0
TXN100927,1143,2026-07-22 17:23:04,2026-07-08 21:29:36.755251560,5.2,credit_card,gift_card,SA,13.828787554958797,17,0,0,0
TXN100928,1064,2026-07-22 19:20:41,2026-02-15 06:26:16.525356726,10.58,debit_card,delivery,PK,157.53778327133418,19,0,0,0
TXN100929,1062,2026-07-22 19:21:34,2025-10-30 09:48:19.393568527,4.71,credit_card,subscription,PK,265.3980857225865,19,0,0,0
TXN100930,1228,2026-07-22 20:22:28,2026-05-21 12:06:45.591258190,23.47,debit_card,dine_in_topup,PK,62.3442408419191,20,1,0,0
TXN100931,1060,2026-07-22 20:42:01,2026-03-13 18:17:24.786962325,8.21,credit_card,subscription,SA,131.1004191323805,20,0,0,0
TXN100932,1238,2026-07-22 21:06:16,2026-04-16 06:40:56.994340598,8.03,credit_card,gift_card,SA,97.60091441735419,21,0,0,0
TXN100933,1298,2026-07-22 21:47:37,2026-05-10 13:02:09.206232040,52.23,credit_card,delivery,SA,73.3649050204625,21,1,0,0
TXN100934,1232,2026-07-22 23:51:42,2026-05-22 11:13:43.616598673,6.44,wallet,delivery,AE,61.526370178256094,23,0,0,0
TXN100935,1050,2026-07-23 00:46:29,2026-07-14 14:54:29.109091907,5.68,debit_card,gift_card,AE,8.411109848473298,0,0,0,0
TXN100936,1042,2026-07-23 00:52:38,2026-06-12 03:27:16.507233633,7.21,cash_on_delivery,subscription,AE,40.8926098699811,0,0,0,0
TXN100937,1131,2026-07-23 02:17:13,2026-06-29 18:13:27.887183632,27.54,debit_card,delivery,SA,23.335938805745,2,1,0,0
TXN100938,1165,2026-07-23 02:52:07,2026-05-11 09:02:39.680722608,21.5,credit_card,dine_in_topup,AE,72.7426773064513,2,0,0,0
TXN100939,1233,2026-07-23 02:53:48,2026-02-04 16:58:34.626892963,10.49,credit_card,gift_card,US,168.41334922577587,2,0,0,0
TXN100940,1126,2026-07-23 03:32:58,2026-06-20 09:39:55.171250996,9.84,cash_on_delivery,subscription,GB,32.7451716290394,3,0,1,0
TXN100941,1050,2026-07-23 04:48:53,2026-06-13 12:32:06.912755396,20.43,wallet,dine_in_topup,AE,39.67831119496069,4,0,1,0
TXN100942,1297,2026-07-23 07:00:01,2026-06-06 03:57:37.532780733,17.81,debit_card,subscription,US,47.126660500223,7,0,0,0
TXN100943,1271,2026-07-23 08:15:17,2026-01-16 08:20:40.323883514,13.64,wallet,gift_card,GB,187.99625782542228,8,0,0,0
TXN100944,1196,2026-07-23 11:45:07,2025-11-26 05:10:43.335882134,21.99,wallet,gift_card,GB,239.2738850013642,11,0,0,0
TXN100945,1208,2026-07-23 13:22:32,2026-07-05 14:32:13.502756001,6.88,credit_card,dine_in_topup,PK,17.9516029773611,13,0,0,0
TXN100946,1280,2026-07-23 15:05:22,2025-10-16 01:24:05.265033638,8.31,wallet,delivery,US,280.57033258062916,15,0,0,0
TXN100947,1142,2026-07-23 15:11:07,2026-01-20 06:39:45.543346492,22.74,credit_card,gift_card,PK,184.35510945200818,15,0,0,0
TXN100948,1043,2026-07-23 18:31:17,2026-07-12 06:27:09.783390975,18.78,credit_card,gift_card,PK,11.502861303345197,18,0,0,0
TXN100949,1181,2026-07-23 18:44:14,2026-03-13 01:03:40.875075775,15.6,wallet,subscription,GB,132.7364945014378,18,0,0,0
TXN100950,1135,2026-07-23 19:16:40,2026-04-07 07:58:49.260424372,51.06,debit_card,delivery,US,107.4707261524957,19,1,0,1
TXN100951,1239,2026-07-23 19:52:26,2026-04-25 13:48:44.433644879,25.2,credit_card,gift_card,AE,89.25256442540649,19,1,0,0
TXN100952,1231,2026-07-23 20:44:58,2026-07-14 03:04:29.951702693,10.71,credit_card,subscription,PK,9.736435744181794,20,0,0,0
TXN100953,1141,2026-07-23 23:27:42,2026-03-20 17:32:11.495104459,8.82,wallet,subscription,SA,125.24688084369838,23,0,0,0
TXN100954,1110,2026-07-24 00:04:32,2026-04-21 15:59:42.464021881,19.37,wallet,gift_card,SA,93.33668444419119,0,0,0,0
TXN100955,1126,2026-07-24 01:03:54,2026-06-16 09:10:12.115961472,31.91,credit_card,delivery,SA,37.66229032452,1,1,1,0
TXN100956,1189,2026-07-24 01:31:46,2026-05-13 16:29:21.686642810,4.26,debit_card,subscription,PK,71.376670293486,1,0,0,0
TXN100957,1191,2026-07-24 01:51:01,2026-01-28 17:56:56.258843707,18.45,debit_card,dine_in_topup,PK,176.3292215411608,1,0,0,0
TXN100958,1153,2026-07-24 03:42:03,2026-07-18 12:06:21.135840160,12.14,cash_on_delivery,subscription,AE,5.649790094442593,3,0,0,0
TXN100959,1159,2026-07-24 05:02:25,2026-05-19 13:13:53.521483263,17.36,cash_on_delivery,subscription,PK,65.6586976680178,5,0,0,0
TXN100960,1297,2026-07-24 05:58:08,2025-12-15 13:50:59.432987643,5.41,debit_card,gift_card,US,220.67162693301336,5,0,1,0
TXN100961,1076,2026-07-24 06:21:21,2026-05-17 23:27:48.095234573,31.89,wallet,delivery,GB,67.287186397748,6,1,0,0
TXN100962,1052,2026-07-24 09:08:43,2025-12-01 09:22:20.503705934,37.51,cash_on_delivery,gift_card,PK,234.99053815155165,9,1,0,0
TXN100963,1239,2026-07-24 10:41:34,2026-07-02 22:53:25.762303747,23.71,debit_card,subscription,AE,21.4917620103733,10,1,1,0
TXN100964,1280,2026-07-24 12:07:47,2026-01-28 11:15:12.205658759,42.4,credit_card,dine_in_topup,US,177.036513823394,12,1,1,1
TXN100965,1182,2026-07-24 12:51:22,2025-08-25 06:48:46.626760362,11.73,debit_card,dine_in_topup,AE,333.2517983013847,12,0,0,0
TXN100966,1120,2026-07-24 13:34:23,2026-07-06 05:42:30.511174555,18.17,wallet,dine_in_topup,US,18.327690842887094,13,0,0,0
TXN100967,1104,2026-07-24 13:43:33,2025-12-24 22:57:01.608009514,23.94,cash_on_delivery,delivery,US,211.615641111001,13,1,0,0
TXN100968,1140,2026-07-25 00:27:28,2026-06-18 16:19:28.135512075,19.54,debit_card,subscription,SA,36.3388873204621,0,0,0,0
TXN100969,1015,2026-07-25 02:51:36,2026-07-10 10:22:27.310063190,12.78,credit_card,gift_card,AE,14.686906133527893,2,0,0,0
TXN100970,1158,2026-07-25 04:32:50,2026-07-12 18:58:06.463584641,13.74,credit_card,gift_card,PK,12.399115004807395,4,0,0,0
TXN100971,1080,2026-07-25 05:35:16,2026-05-23 22:20:12.504888443,35.36,debit_card,subscription,SA,62.30212378601339,5,1,0,0
TXN100972,1079,2026-07-25 07:22:11,2026-07-23 13:22:16.335543216,15.07,credit_card,delivery,US,1.7499382460275925,7,0,0,0
TXN100973,1168,2026-07-25 08:02:00,2026-06-21 13:31:39.018756783,30.74,credit_card,subscription,US,33.771076171796494,8,1,0,0
TXN100974,1289,2026-07-25 08:33:36,2026-05-23 17:04:57.030826003,14.55,wallet,delivery,GB,62.644895476550886,8,0,0,0
TXN100975,1061,2026-07-25 09:53:10,2026-05-16 01:42:31.812748641,30.62,cash_on_delivery,dine_in_topup,SA,70.3407197598537,9,1,0,0
TXN100976,1273,2026-07-25 10:43:27,2026-06-27 15:31:39.754046973,16.18,credit_card,subscription,PK,27.799852383715592,10,0,0,0
TXN100977,1155,2026-07-25 10:58:46,2026-06-09 13:20:00.663056911,22.66,wallet,gift_card,SA,45.90191362202649,10,0,0,0
TXN100978,1291,2026-07-25 11:14:36,2026-07-01 05:55:54.049150511,9.59,wallet,dine_in_topup,GB,24.22131887557279,11,0,0,0
TXN100979,1114,2026-07-25 15:05:46,2026-06-22 04:28:40.625290405,18.14,wallet,dine_in_topup,US,33.44242331839809,15,0,0,0
TXN100980,1299,2026-07-25 16:43:08,2026-03-03 23:21:56.157672160,9.69,cash_on_delivery,dine_in_topup,SA,143.7230537306463,16,0,0,0
TXN100981,1197,2026-07-25 17:34:28,2026-05-22 13:26:20.212009462,11.54,cash_on_delivery,dine_in_topup,AE,64.1723123610016,17,0,0,0
TXN100982,1200,2026-07-25 18:07:28,2026-02-11 21:26:03.083973950,12.19,debit_card,dine_in_topup,GB,163.86209393548668,18,0,0,0
TXN100983,1168,2026-07-25 19:58:33,2026-06-22 15:31:33.187457066,13.58,cash_on_delivery,dine_in_topup,US,33.1854144970247,19,0,1,0
TXN100984,1135,2026-07-25 19:59:29,2026-07-22 13:30:28.219749792,28.38,credit_card,dine_in_topup,SA,3.2701479195625924,19,1,0,1
TXN100985,1157,2026-07-25 20:23:36,2026-04-24 07:03:12.780071156,11.23,cash_on_delivery,delivery,US,92.55582430473198,20,0,0,0
TXN100986,1255,2026-07-25 22:03:39,2026-02-24 23:45:51.464892245,16.92,credit_card,subscription,GB,150.9290223970805,22,0,0,0
TXN100987,1237,2026-07-25 22:51:17,2026-07-13 22:58:15.327816940,30.68,credit_card,dine_in_topup,US,11.99515824285949,22,1,0,0
TXN100988,1007,2026-07-26 00:01:46,2026-03-12 04:46:11.428374166,22.36,credit_card,delivery,AE,135.8024834678916,0,0,0,0
TXN100989,1208,2026-07-26 00:20:50,2026-07-11 07:12:12.920870736,4.32,credit_card,gift_card,AE,14.714318045477592,0,0,0,0
TXN100990,1250,2026-07-26 00:48:54,2026-06-12 23:02:05.481824949,5.31,debit_card,dine_in_topup,SA,43.07417266406309,0,0,0,0
TXN100991,1223,2026-07-26 03:47:08,2026-04-19 07:17:34.302418597,19.78,wallet,gift_card,SA,97.8538622405255,3,0,0,0
TXN100992,1149,2026-07-26 04:53:14,2026-07-14 00:52:03.161080525,10.85,wallet,subscription,AE,12.167486561567998,4,0,0,1
TXN100993,1100,2026-07-26 06:07:00,2026-03-31 05:01:15.997866840,4.84,credit_card,subscription,SA,117.04564817283752,6,0,0,0
TXN100994,1201,2026-07-26 08:50:54,2026-04-26 01:28:25.300459603,10.32,debit_card,delivery,US,91.3072766150509,8,0,0,1
TXN100995,1199,2026-07-26 09:46:29,2026-03-19 18:05:50.827848095,20.27,credit_card,delivery,PK,128.65321958509148,9,0,0,0
TXN100996,1112,2026-07-26 10:09:13,2026-07-16 19:21:50.569592089,12.09,credit_card,delivery,GB,9.616231833424896,10,0,0,0
TXN100997,1121,2026-07-26 12:56:15,2026-06-21 14:56:56.127449559,15.85,wallet,dine_in_topup,PK,34.91619065451899,12,0,0,0
TXN100998,1110,2026-07-26 13:58:28,2026-01-10 01:21:59.637558038,12.84,wallet,delivery,SA,197.52532826900418,13,0,0,0
TXN100999,1013,2026-07-26 14:46:59,2026-07-23 18:19:20.208434646,9.35,credit_card,gift_card,US,2.85253230978419,14,0,0,0
TXN101000,1009,2026-07-26 16:38:51,2025-12-29 17:20:48.668270473,17.91,debit_card,dine_in_topup,SA,208.97086032094361,16,0,0,0
TXN101001,1024,2026-07-26 19:40:25,2026-02-20 05:51:56.745212775,4.52,cash_on_delivery,subscription,US,156.57532702300028,19,0,0,0
TXN101002,1127,2026-07-26 19:43:53,2026-07-15 04:16:35.444554217,8.56,wallet,subscription,PK,11.643953188029895,19,0,0,0
TXN101003,1153,2026-07-26 20:17:18,2026-07-06 17:54:55.086587403,25.13,credit_card,dine_in_topup,GB,20.0988763126458,20,1,0,0
TXN101004,1122,2026-07-26 20:48:15,2026-01-27 13:00:01.236221621,5.42,cash_on_delivery,dine_in_topup,GB,180.3251593029905,20,0,0,0
TXN101005,1286,2026-07-26 21:40:41,2026-05-08 16:05:28.103831775,15.33,credit_card,subscription,AE,79.2327881500952,21,0,0,0
TXN101006,1067,2026-07-26 23:24:02,2026-05-22 03:46:37.581719015,11.46,debit_card,dine_in_topup,AE,65.817643730104,23,0,0,0
TXN101007,1117,2026-07-27 00:03:28,2026-06-19 15:52:48.653368641,10.73,wallet,gift_card,SA,37.34073317860369,0,0,0,0
TXN101008,1074,2026-07-27 00:04:14,2026-05-19 08:10:51.070664224,26.7,wallet,dine_in_topup,GB,68.66207094138629,0,1,0,0
TXN101009,1089,2026-07-27 00:45:52,2026-06-03 18:48:12.002293431,30.12,credit_card,dine_in_topup,AE,53.24837960308529,0,1,0,0
TXN101010,1175,2026-07-27 01:21:40,2026-05-24 14:46:05.862623797,7.2,cash_on_delivery,delivery,GB,63.44136733074309,1,0,0,1
TXN101011,1092,2026-07-27 01:27:48,2025-12-25 20:34:48.464283699,13.65,credit_card,delivery,AE,213.20346684856827,1,0,0,0
TXN101012,1095,2026-07-27 02:56:06,2026-07-22 22:46:08.381255999,3.8,wallet,dine_in_topup,PK,4.173583550277789,2,0,0,0
TXN101013,1201,2026-07-27 04:51:46,2025-11-06 18:27:55.114002612,25.73,debit_card,subscription,GB,262.433227847192,4,1,1,0
TXN101014,1249,2026-07-27 06:57:29,2026-06-16 17:16:19.536790580,14.8,cash_on_delivery,delivery,SA,40.57024841677569,6,0,0,0
TXN101015,1063,2026-07-27 07:25:39,2026-06-17 11:33:43.688300303,5.18,cash_on_delivery,subscription,SA,39.827723515042784,7,0,0,0
TXN101016,1033,2026-07-27 09:45:28,2026-03-13 14:32:57.907666431,8.85,cash_on_delivery,dine_in_topup,US,135.80034829089777,9,0,0,0
TXN101017,1071,2026-07-27 09:47:26,2025-12-03 20:41:37.364276269,6.77,cash_on_delivery,dine_in_topup,PK,235.54570180235802,9,0,0,0
TXN101018,1173,2026-07-27 10:08:18,2026-04-20 08:30:00.399081202,8.5,wallet,dine_in_topup,US,98.06825926989349,10,0,0,0
TXN101019,1287,2026-07-27 10:15:06,2026-06-24 05:58:49.193999315,4.02,credit_card,dine_in_topup,GB,33.17797229167459,10,0,0,0
TXN101020,1048,2026-07-27 10:18:16,2026-07-14 07:43:52.339563036,35.12,wallet,gift_card,SA,13.10721829209449,10,1,0,0
TXN101021,1012,2026-07-27 12:48:38,2026-05-23 17:21:50.620057625,7.39,debit_card,delivery,PK,64.8102706011849,12,0,0,0
TXN101022,1158,2026-07-27 21:55:05,2026-07-18 15:30:35.522045518,15.3,wallet,delivery,GB,9.267007846695392,21,0,0,0
TXN101023,1297,2026-07-27 21:56:14,2025-12-11 07:33:15.167041266,20.15,credit_card,subscription,US,228.59929204813352,21,0,0,0
TXN101024,1165,2026-07-27 23:14:08,2026-06-16 07:55:35.778096943,30.14,wallet,dine_in_topup,US,41.63787293869279,23,1,0,0
TXN101025,1277,2026-07-28 01:53:23,2026-02-22 23:25:01.956819901,15.66,debit_card,subscription,PK,155.10302133310302,1,0,0,1
TXN101026,1192,2026-07-28 02:50:57,2026-01-12 17:23:57.475225048,12.71,wallet,subscription,PK,196.39374449971012,2,0,0,1
TXN101027,1009,2026-07-28 02:58:21,2026-04-16 03:18:04.169707275,16.1,debit_card,gift_card,GB,102.98630590616578,2,0,0,0
TXN101028,1128,2026-07-28 04:06:43,2026-02-19 08:59:45.991686329,7.17,debit_card,dine_in_topup,PK,158.7964931517786,4,0,0,0
TXN101029,1231,2026-07-28 04:10:12,2026-04-19 00:47:26.650677648,7.58,credit_card,dine_in_topup,GB,100.14080265419389,4,0,0,1
TXN101030,1152,2026-07-28 05:01:23,2026-06-07 04:46:45.997762039,12.51,cash_on_delivery,gift_card,PK,51.010150488865285,5,0,0,0
TXN101031,1058,2026-07-28 05:26:13,2026-02-27 01:21:38.643301131,3.24,credit_card,delivery,SA,151.16984209142208,5,0,0,0
TXN101032,1054,2026-07-28 06:36:43,2026-03-10 03:32:57.545336267,9.49,credit_card,dine_in_topup,AE,140.12760942897836,6,0,0,0
TXN101033,1199,2026-07-28 06:51:28,2026-07-09 22:42:33.604048067,10.98,debit_card,subscription,US,18.33951847166589,6,0,0,0
TXN101034,1138,2026-07-28 09:16:25,2026-02-08 04:40:56.752891568,46.47,credit_card,delivery,AE,170.19129915634758,9,1,0,0
TXN101035,1172,2026-07-28 09:20:23,2026-06-04 10:09:25.019865216,32.66,cash_on_delivery,gift_card,US,53.96594884415259,9,1,0,1
TXN101036,1111,2026-07-28 11:03:01,2025-09-09 13:39:21.053628177,20.1,debit_card,gift_card,US,321.8914345644887,11,0,0,0
TXN101037,1101,2026-07-28 11:10:09,2025-12-18 14:01:41.559246286,26.15,credit_card,subscription,GB,221.88087315687167,11,1,0,0
TXN101038,1199,2026-07-28 14:14:19,2026-05-02 21:56:05.518979028,7.53,debit_card,dine_in_topup,GB,86.679322697002,14,0,1,0
TXN101039,1002,2026-07-28 15:23:34,2026-04-07 06:56:31.095106896,16.39,credit_card,subscription,SA,112.3521169547813,15,0,0,0
TXN101040,1130,2026-07-28 17:53:34,2026-07-11 17:53:07.662540697,24.1,wallet,dine_in_topup,PK,17.000304831704895,17,1,0,0
TXN101041,1111,2026-07-28 18:00:46,2026-05-08 19:56:32.838316363,7.58,debit_card,gift_card,SA,80.9195967787458,18,0,1,0
TXN101042,1233,2026-07-28 18:44:17,2026-05-19 14:58:19.411143956,5.32,credit_card,subscription,GB,70.1569165376857,18,0,0,0
TXN101043,1218,2026-07-28 19:04:16,2026-06-03 13:44:48.327527043,18.73,cash_on_delivery,delivery,AE,55.22184806102959,19,0,0,0
TXN101044,1127,2026-07-28 19:56:03,2026-05-16 03:43:36.535405801,5.73,wallet,gift_card,SA,73.6753063031736,19,0,0,0
TXN101045,1078,2026-07-28 20:00:16,2025-03-18 07:03:42.180232984,21.31,debit_card,subscription,GB,497.5392803213775,20,0,0,0
TXN101046,1070,2026-07-28 22:38:26,2026-07-10 21:09:27.508153227,29.81,wallet,delivery,PK,18.06178810007839,22,1,0,0
TXN101047,1063,2026-07-29 00:04:53,2026-07-18 04:34:54.992916164,7.75,wallet,dine_in_topup,PK,10.812476933840694,0,0,0,0
TXN101048,1082,2026-07-29 00:17:27,2026-05-17 23:13:41.735380399,8.17,credit_card,subscription,GB,72.04427389606019,0,0,0,1
TXN101049,1228,2026-07-29 01:52:40,2026-06-10 23:45:25.801239736,29.26,cash_on_delivery,delivery,GB,48.0883587819475,1,1,0,0
TXN101050,1013,2026-07-29 03:16:40,2026-03-26 16:47:06.422513598,15.71,debit_card,dine_in_topup,PK,124.43719418387039,3,0,0,0
TXN101051,1007,2026-07-29 04:00:40,2026-06-25 11:20:22.574541673,26.8,credit_card,dine_in_topup,GB,33.6946461279899,4,1,0,0
TXN101052,1161,2026-07-29 04:27:00,2025-12-08 16:03:37.364910256,12.82,wallet,subscription,US,232.5162342024276,4,0,0,0
TXN101053,1067,2026-07-29 06:50:06,2026-01-13 05:04:23.101774142,13.48,cash_on_delivery,gift_card,SA,197.0734131739104,6,0,0,0
TXN101054,1249,2026-07-29 07:17:00,2026-07-04 09:08:00.390009062,15.44,wallet,delivery,GB,24.922912152672893,7,0,0,0
TXN101055,1225,2026-07-29 08:48:03,2026-07-13 04:47:26.922394262,40.59,debit_card,dine_in_topup,SA,16.167084231547893,8,1,0,0
TXN101056,1230,2026-07-29 10:16:02,2026-03-15 13:04:29.466587928,25.47,debit_card,subscription,PK,135.88301543301012,10,1,0,0
TXN101057,1137,2026-07-29 10:32:23,2026-07-25 09:16:06.350344616,9.28,wallet,dine_in_topup,GB,4.0529704821225,10,0,0,0
TXN101058,1131,2026-07-29 16:16:25,2026-06-22 22:06:45.923998473,17.18,credit_card,dine_in_topup,AE,36.75670226853619,16,0,0,0
TXN101059,1127,2026-07-29 18:42:00,2025-11-30 16:55:15.827987223,12.22,cash_on_delivery,subscription,US,241.074122361259,18,0,1,0
TXN101060,1058,2026-07-29 19:01:26,2026-07-13 09:06:46.002046269,10.73,debit_card,subscription,SA,16.412962939279296,19,0,0,0
TXN101061,1170,2026-07-29 19:12:54,2026-04-17 10:26:08.830614953,20.93,credit_card,dine_in_topup,SA,103.3658005715862,19,0,0,0
TXN101062,1259,2026-07-29 19:14:32,2026-05-16 00:06:19.046447490,18.24,credit_card,dine_in_topup,AE,74.7973721475985,19,0,0,0
TXN101063,1076,2026-07-29 21:32:46,2025-06-25 19:57:52.219743520,7.81,wallet,dine_in_topup,AE,399.06590023445,21,0,0,0
TXN101064,1017,2026-07-29 21:58:12,2026-06-05 04:01:14.216366001,15.47,credit_card,subscription,GB,54.74789101428239,21,0,0,0
TXN101065,1169,2026-07-29 22:11:07,2026-01-07 10:26:13.379506911,10.5,cash_on_delivery,subscription,SA,203.48950949644777,22,0,0,0
TXN101066,1119,2026-07-29 22:37:40,2025-10-19 19:54:13.410498880,20.08,cash_on_delivery,subscription,GB,283.1135021933,22,0,0,0
TXN101067,1239,2026-07-29 22:39:18,2026-07-10 08:04:06.133726817,10.19,credit_card,dine_in_topup,PK,19.60777623001369,22,0,0,0
TXN101068,1256,2026-07-29 23:30:40,2026-05-13 00:23:24.685937509,13.54,credit_card,gift_card,PK,77.9633716905381,23,0,0,0
TXN101069,1285,2026-07-29 23:40:44,2026-05-01 14:48:05.690339114,10.93,cash_on_delivery,dine_in_topup,GB,89.36988784329729,23,0,0,1
TXN101070,1117,2026-07-30 00:56:40,2026-05-14 00:01:44.196141483,4.41,credit_card,gift_card,GB,77.0381458779921,0,0,0,0
TXN101071,1270,2026-07-30 01:46:20,2026-01-01 14:01:47.998479132,39.32,debit_card,gift_card,SA,209.4892592768619,1,1,0,0
TXN101072,1035,2026-07-30 02:59:32,2026-07-24 00:12:14.788390579,15.36,cash_on_delivery,delivery,US,6.116171430664594,2,0,0,0
TXN101073,1111,2026-07-30 03:10:19,2026-06-27 18:58:21.950214890,40.19,credit_card,gift_card,US,32.341632520660994,3,1,0,0
TXN101074,1079,2026-07-30 04:19:47,2026-07-04 19:28:11.115704562,15.82,wallet,subscription,PK,25.369165327493494,4,0,0,0
TXN101075,1276,2026-07-30 04:34:50,2026-07-19 15:19:28.384131391,23.4,debit_card,gift_card,GB,10.55233351699779,4,1,0,0
TXN101076,1180,2026-07-30 05:27:32,2026-06-29 03:01:09.013572775,9.7,debit_card,dine_in_topup,SA,31.101654935500292,5,0,0,0
TXN101077,1109,2026-07-30 06:25:22,2026-06-14 14:17:38.821165890,9.87,cash_on_delivery,dine_in_topup,PK,45.6720275328022,6,0,0,0
TXN101078,1045,2026-07-30 07:01:29,2026-06-13 06:13:31.587676945,14.79,wallet,gift_card,US,47.03330338336869,7,0,0,0
TXN101079,1234,2026-07-30 08:53:21,2026-07-26 15:07:44.483272800,39.96,debit_card,gift_card,AE,3.7400059806388892,8,1,0,0
TXN101080,1196,2026-07-30 10:23:53,2026-05-04 02:30:28.189019404,8.0,cash_on_delivery,subscription,GB,87.32875938634949,10,0,0,0
TXN101081,1255,2026-07-30 12:05:06,2026-07-09 17:59:49.561569681,3.79,wallet,delivery,GB,20.753662481832396,12,0,0,0
TXN101082,1131,2026-07-30 12:26:16,2026-05-28 01:31:13.213236370,28.83,credit_card,delivery,AE,63.45489336531979,12,1,1,0
TXN101083,1044,2026-07-30 13:16:19,2026-05-13 04:27:58.913588202,24.33,debit_card,delivery,SA,78.3668991482847,13,1,0,0
TXN101084,1100,2026-07-30 13:25:01,2026-04-13 00:57:05.930924693,11.35,credit_card,delivery,PK,108.51938737355681,13,0,0,0
TXN101085,1186,2026-07-30 16:01:32,2026-06-03 10:49:01.663027558,49.93,wallet,subscription,GB,57.2170177890329,16,1,0,0
TXN101086,1072,2026-07-30 21:18:03,2026-07-20 13:03:21.744793736,51.29,cash_on_delivery,gift_card,GB,10.343533046368796,21,1,0,0
TXN101087,1021,2026-07-30 22:07:49,2026-07-29 11:59:43.772317139,4.22,credit_card,delivery,PK,1.4222827278108912,22,0,0,0
TXN101088,1246,2026-07-30 23:19:00,2026-06-01 02:46:35.078616061,9.55,cash_on_delivery,gift_card,GB,59.85584399749929,23,0,0,0
TXN101089,1159,2026-07-30 23:39:28,2026-01-21 15:05:25.429006238,14.72,cash_on_delivery,dine_in_topup,AE,190.3569742013167,23,0,0,0
TXN101090,1119,2026-07-31 00:50:31,2025-06-06 01:24:28.277054060,19.72,cash_on_delivery,gift_card,AE,419.97642040446686,0,0,0,1
TXN101091,1165,2026-07-31 01:54:59,2026-02-23 13:56:40.111648104,17.84,wallet,subscription,PK,157.4988297262951,1,0,0,0
TXN101092,1221,2026-07-31 04:32:23,2026-06-08 00:52:34.769580954,15.32,debit_card,subscription,GB,53.152641555776,4,0,0,0
TXN101093,1000,2026-07-31 04:51:31,2025-09-13 04:52:51.006409720,7.19,credit_card,delivery,SA,320.9990739998875,4,0,0,0
TXN101094,1132,2026-07-31 06:05:28,2025-10-16 13:23:26.131663188,21.34,cash_on_delivery,delivery,US,287.69585495760197,6,0,0,0
TXN101095,1076,2026-07-31 06:35:09,2026-02-06 22:06:28.078364206,22.13,debit_card,delivery,GB,174.3532514078217,6,0,0,0
TXN101096,1027,2026-07-31 10:34:28,2025-10-08 09:32:34.456416564,27.54,debit_card,gift_card,AE,296.042980828512,10,1,0,0
TXN101097,1010,2026-07-31 11:37:05,2026-02-16 13:37:19.081322543,6.52,wallet,dine_in_topup,US,164.9165036883965,11,0,0,0
TXN101098,1132,2026-07-31 11:53:30,2026-05-03 02:42:26.228379123,13.19,wallet,subscription,GB,89.3826825419083,11,0,1,0
TXN101099,1163,2026-07-31 13:01:23,2026-01-26 15:04:11.700763014,10.98,cash_on_delivery,gift_card,US,185.9147141115392,13,0,0,0
TXN101100,1152,2026-07-31 16:03:40,2026-04-03 07:54:20.945346068,6.44,cash_on_delivery,subscription,GB,119.33980387330939,16,0,0,0
TXN101101,1234,2026-07-31 16:41:02,2025-10-29 12:02:07.726348111,13.05,cash_on_delivery,subscription,PK,275.19368372282275,16,0,0,0
TXN101102,1137,2026-07-31 16:57:39,2026-07-02 05:09:11.974379037,7.44,credit_card,subscription,US,29.49197946320559,16,0,0,0
TXN101103,1176,2026-07-31 17:18:09,2026-07-13 17:13:18.974247321,5.75,credit_card,subscription,SA,18.003356779544895,17,0,0,0
TXN101104,1244,2026-07-31 20:19:57,2026-05-19 17:28:43.898731119,24.53,credit_card,subscription,GB,73.11890163505649,20,1,0,0
TXN101105,1197,2026-07-31 20:35:07,2026-07-17 09:04:21.429955766,11.31,wallet,gift_card,AE,14.479694097734189,20,0,0,0
TXN101106,1273,2026-07-31 22:55:14,2026-05-18 02:19:19.969623876,9.24,wallet,subscription,US,74.8582642404644,22,0,0,0
TXN101107,1066,2026-08-01 00:18:29,2026-03-17 21:02:18.233450090,31.9,cash_on_delivery,gift_card,GB,136.1362357239573,0,1,0,0
TXN101108,1236,2026-08-01 04:17:08,2025-12-15 10:50:16.746180480,22.56,cash_on_delivery,subscription,SA,228.72698210439262,4,0,0,0
TXN101109,1209,2026-08-01 08:13:39,2025-06-07 09:46:38.990790302,3.56,cash_on_delivery,gift_card,SA,419.93541677326033,8,0,0,0
TXN101110,1174,2026-08-01 08:55:15,2026-06-16 20:59:22.167373666,19.81,credit_card,gift_card,SA,45.4971392665085,8,0,0,0
TXN101111,1001,2026-08-01 09:10:24,2026-06-04 13:11:03.578007840,19.74,wallet,dine_in_topup,GB,57.83287525453889,9,0,0,0
TXN101112,1162,2026-08-01 09:17:35,2026-06-09 20:45:28.374647848,12.69,cash_on_delivery,gift_card,AE,52.52229890453879,9,0,0,0
TXN101113,1257,2026-08-01 09:28:06,2026-07-26 19:00:29.438460653,12.37,cash_on_delivery,subscription,AE,5.602506499297998,9,0,0,0
TXN101114,1193,2026-08-01 10:08:47,2026-07-11 15:04:32.895161219,4.74,debit_card,delivery,US,20.794607694893298,10,0,0,0
TXN101115,1001,2026-08-01 10:37:58,2026-07-19 16:10:44.712027242,49.56,cash_on_delivery,gift_card,US,12.768903795980997,10,1,1,0
TXN101116,1086,2026-08-01 10:44:07,2026-04-24 15:26:37.552965707,13.02,debit_card,dine_in_topup,SA,98.8038130443784,10,0,0,0
TXN101117,1170,2026-08-01 11:57:08,2026-05-26 06:35:01.018444640,19.11,credit_card,subscription,SA,67.22369191615,11,0,0,0
TXN101118,1243,2026-08-01 12:57:56,2025-08-29 12:06:59.091927868,13.51,debit_card,subscription,SA,337.0353808804645,12,0,0,0
TXN101119,1133,2026-08-01 13:24:49,2026-07-29 03:47:17.652210550,9.34,debit_card,gift_card,GB,3.4010572660815974,13,0,0,0
TXN101120,1257,2026-08-01 14:00:45,2026-06-24 08:38:47.651984333,25.76,cash_on_delivery,subscription,PK,38.223580416847994,14,1,1,0
TXN101121,1238,2026-08-01 14:07:37,2026-06-01 23:14:20.212408115,16.84,credit_card,subscription,PK,60.62033318972089,14,0,0,0
TXN101122,1080,2026-08-01 14:33:18,2026-04-14 08:20:58.840279780,13.09,credit_card,subscription,AE,109.25855508935439,14,0,0,0
TXN101123,1058,2026-08-01 15:02:51,2026-07-01 03:45:26.434210773,18.98,wallet,subscription,GB,31.47042321515309,15,0,0,0
TXN101124,1270,2026-08-01 15:44:59,2026-06-17 17:19:34.898255348,14.36,wallet,gift_card,AE,44.934306733155694,15,0,0,0
TXN101125,1176,2026-08-01 16:14:36,2026-06-30 16:47:28.114396463,41.93,wallet,gift_card,GB,31.977174601892788,16,1,1,1
TXN101126,1254,2026-08-01 17:06:09,2026-03-16 14:38:23.389150788,25.2,credit_card,dine_in_topup,SA,138.1026112366807,17,1,0,0
TXN101127,1276,2026-08-01 17:38:43,2026-07-01 03:39:55.579676833,21.02,debit_card,subscription,AE,31.582493290777396,17,0,0,0
TXN101128,1127,2026-08-01 19:40:32,2026-03-05 17:29:41.318801499,5.12,cash_on_delivery,delivery,SA,149.09086436572338,19,0,0,0
TXN101129,1013,2026-08-01 19:56:01,2026-03-05 00:22:57.838133113,21.5,credit_card,dine_in_topup,US,149.81461992901492,19,0,0,0
TXN101130,1272,2026-08-01 23:21:25,2026-05-02 17:53:44.133561498,21.15,cash_on_delivery,gift_card,SA,91.22755632451971,23,0,0,0
TXN101131,1175,2026-08-02 01:34:42,2026-06-19 05:37:12.013778167,7.53,credit_card,gift_card,PK,43.8315970627527,1,0,0,0
TXN101132,1036,2026-08-02 01:43:40,2026-07-18 23:55:28.305316060,5.04,credit_card,gift_card,AE,14.075135355138194,1,0,0,0
TXN101133,1158,2026-08-02 05:05:26,2026-05-26 07:53:24.003913115,24.54,cash_on_delivery,delivery,SA,67.8833564361908,5,1,0,0
TXN101134,1008,2026-08-02 07:48:27,2026-03-20 13:52:35.356191554,26.53,debit_card,delivery,SA,134.7471255070422,7,1,0,0
TXN101135,1086,2026-08-02 09:37:22,2024-02-14 09:37:22.000000000,9.91,wallet,gift_card,US,900.0,9,0,1,0
TXN101136,1104,2026-08-02 15:49:39,2026-06-18 21:15:37.054431047,9.6,debit_card,dine_in_topup,PK,44.77363362927029,15,0,0,0
TXN101137,1136,2026-08-02 17:01:42,2026-07-16 11:50:32.864329656,16.65,wallet,dine_in_topup,PK,17.2160779591475,17,0,0,0
TXN101138,1169,2026-08-02 17:47:20,2026-07-22 20:10:15.429962811,11.29,debit_card,delivery,US,10.900747338393392,17,0,0,0
TXN101139,1251,2026-08-02 17:56:46,2025-11-09 14:20:46.725850893,4.97,debit_card,subscription,SA,266.149991598948,17,0,0,0
TXN101140,1105,2026-08-02 18:09:16,2026-05-12 09:12:50.422309536,7.47,cash_on_delivery,delivery,AE,82.37251826030631,18,0,0,0
TXN101141,1220,2026-08-02 19:12:58,2026-06-21 10:23:53.759665139,18.66,wallet,dine_in_topup,SA,42.36741018906089,19,0,0,0
TXN101142,1282,2026-08-02 21:13:11,2026-05-24 12:51:22.105161544,7.76,wallet,subscription,US,70.3484825791488,21,0,0,0
TXN101143,1224,2026-08-02 22:19:20,2026-06-15 03:11:23.777032171,27.39,cash_on_delivery,gift_card,PK,48.79717850657209,22,1,0,0
TXN101144,1076,2026-08-02 23:14:23,2026-05-28 12:36:00.469791080,20.93,debit_card,delivery,US,66.4433163218625,23,0,0,0
TXN101145,1203,2026-08-03 03:07:35,2026-04-08 04:51:40.957740407,19.15,cash_on_delivery,delivery,AE,116.92770882244899,3,0,0,0
TXN101146,1084,2026-08-03 04:22:51,2026-07-03 13:45:46.445804236,16.42,wallet,delivery,AE,30.609080488376897,4,0,0,0
TXN101147,1143,2026-08-03 06:18:13,2026-02-22 10:09:06.390697366,9.06,cash_on_delivery,delivery,GB,161.8396598298916,6,0,0,0
TXN101148,1190,2026-08-03 09:45:49,2026-01-25 22:14:58.297923448,22.81,debit_card,subscription,AE,189.4797534962564,9,0,0,0
TXN101149,1087,2026-08-03 10:12:22,2026-07-17 01:27:44.480654562,8.88,wallet,delivery,SA,17.3643231405722,10,0,0,0
TXN101150,1001,2026-08-03 11:05:00,2026-07-15 12:56:59.148558752,28.37,credit_card,subscription,SA,18.922232076866297,11,1,0,0
TXN101151,1251,2026-08-03 12:11:08,2026-05-27 13:05:12.650293402,37.84,credit_card,dine_in_topup,GB,67.96244617715969,12,1,1,0
TXN101152,1218,2026-08-03 12:54:31,2026-02-21 08:42:25.135636228,16.77,credit_card,subscription,PK,163.1750678745807,12,0,0,0
TXN101153,1036,2026-08-03 12:57:17,2026-06-10 17:14:04.564875972,34.72,wallet,dine_in_topup,SA,53.821671702824396,12,1,0,0
TXN101154,1113,2026-08-03 13:01:40,2024-11-25 00:18:22.746190071,7.54,debit_card,delivery,US,616.5300608079853,13,0,0,0
TXN101155,1078,2026-08-03 13:39:03,2026-01-18 03:03:26.136207947,21.09,debit_card,gift_card,GB,197.44139888648206,13,0,0,0
TXN101156,1293,2026-08-03 17:57:17,2026-07-28 06:20:45.997581728,15.06,wallet,delivery,PK,6.483692157618888,17,0,0,0
TXN101157,1282,2026-08-03 18:44:09,2026-04-20 15:07:04.980474831,24.81,debit_card,subscription,GB,105.15074096672649,18,1,1,0
TXN101158,1207,2026-08-03 19:27:31,2026-02-25 17:42:39.460984001,3.68,credit_card,delivery,AE,159.07281873861112,19,0,0,0
TXN101159,1132,2026-08-03 21:53:29,2026-07-18 13:03:11.192220750,23.87,wallet,gift_card,GB,16.36826166411169,21,1,0,0
TXN101160,1015,2026-08-04 02:14:07,2025-12-20 10:08:38.716426929,9.65,wallet,gift_card,AE,226.67046624505872,2,0,0,0
TXN101161,1074,2026-08-04 03:17:02,2026-07-05 15:38:51.499577643,15.56,credit_card,gift_card,SA,29.48484375488839,3,0,0,0
TXN101162,1027,2026-08-04 03:50:16,2026-07-07 04:09:24.333311023,49.03,debit_card,delivery,GB,27.98670910519649,3,1,0,0
TXN101163,1236,2026-08-04 07:02:27,2026-04-13 09:42:49.240705792,21.54,credit_card,delivery,US,112.8886314733126,7,0,0,0
TXN101164,1026,2026-08-04 07:25:37,2026-07-27 08:40:37.111636072,19.75,wallet,subscription,US,7.947915374582499,7,0,0,0
TXN101165,1203,2026-08-04 11:13:39,2026-04-01 04:31:44.185200033,18.72,credit_card,gift_card,PK,125.27910665277741,11,0,0,1
TXN101166,1285,2026-08-04 11:45:20,2026-07-01 20:32:33.919114104,30.27,credit_card,subscription,AE,33.63386667692009,11,1,0,0
TXN101167,1092,2026-08-04 11:56:48,2026-07-06 19:30:40.050454388,25.36,debit_card,subscription,GB,28.68481423085199,11,1,0,0
TXN101168,1205,2026-08-04 12:05:40,2026-03-12 23:26:47.780764877,18.86,debit_card,gift_card,SA,144.5269932781843,12,0,0,0
TXN101169,1263,2026-08-04 16:53:29,2026-05-14 15:13:49.701021915,17.37,cash_on_delivery,gift_card,SA,82.0692048492834,16,0,0,0
TXN101170,1128,2026-08-04 20:02:13,2026-03-05 16:55:26.805643397,16.63,credit_card,delivery,PK,152.1297013235718,20,0,0,0
TXN101171,1134,2026-08-04 20:20:09,2026-05-02 19:17:30.590622101,14.52,cash_on_delivery,dine_in_topup,AE,94.0435001085405,20,0,0,0
TXN101172,1060,2026-08-04 20:22:58,2025-11-20 18:05:33.997340139,6.45,debit_card,delivery,GB,257.0954166974521,20,0,0,0
TXN101173,1128,2026-08-04 21:28:40,2026-01-25 20:24:22.240424034,21.25,debit_card,subscription,AE,191.04464999509221,21,0,1,0
TXN101174,1262,2026-08-04 22:29:05,2026-06-06 23:45:55.320411007,10.31,credit_card,gift_card,AE,58.94663981005779,22,0,0,0
TXN101175,1199,2026-08-05 02:17:23,2026-04-01 13:59:20.991963016,13.38,debit_card,delivery,AE,125.5125232411688,2,0,0,0
TXN101176,1060,2026-08-05 04:05:53,2026-07-21 11:26:38.947610923,26.46,debit_card,dine_in_topup,SA,14.693912643392094,4,1,1,0
TXN101177,1157,2026-08-05 04:10:04,2026-03-13 14:30:32.763929799,14.75,wallet,delivery,SA,144.5691115285903,4,0,0,0
TXN101178,1212,2026-08-05 05:29:06,2026-07-22 06:09:42.316495517,14.0,cash_on_delivery,subscription,PK,13.971801892412998,5,0,0,0
TXN101179,1023,2026-08-05 07:07:09,2026-08-03 02:38:19.177054951,16.81,wallet,dine_in_topup,SA,2.186687765567697,7,0,0,0
TXN101180,1228,2026-08-05 07:14:52,2026-06-04 11:24:31.374950637,12.26,credit_card,delivery,US,61.82662760473799,7,0,0,0
TXN101181,1060,2026-08-05 08:02:43,2026-06-14 01:55:16.172337943,48.37,debit_card,delivery,SA,52.255171616458995,8,1,2,0
TXN101182,1088,2026-08-05 09:09:09,2026-03-22 00:17:52.331955441,44.23,wallet,gift_card,GB,136.3689429171824,9,1,0,1
TXN101183,1124,2026-08-05 10:59:56,2026-07-26 05:22:26.063362616,43.5,wallet,subscription,GB,10.234374266636388,10,1,0,0
TXN101184,1151,2026-08-05 11:57:43,2025-11-03 12:40:36.599179586,18.76,wallet,subscription,US,274.9702129724585,11,0,0,0
TXN101185,1274,2026-08-05 12:16:49,2025-12-28 12:29:20.676889402,9.87,wallet,subscription,GB,219.99130003600231,12,0,0,1
TXN101186,1066,2026-08-05 12:36:47,2025-09-06 19:39:03.476690423,26.91,wallet,dine_in_topup,SA,332.70675374200897,12,1,0,0
TXN101187,1076,2026-08-05 13:44:38,2026-07-24 13:39:49.539865813,12.32,cash_on_delivery,delivery,US,12.003338658960498,13,0,0,0
TXN101188,1113,2026-08-05 14:11:55,2026-06-15 02:29:40.398489848,28.43,wallet,gift_card,PK,51.487668998960096,14,1,0,0
TXN101189,1257,2026-08-05 14:48:25,2026-07-14 02:37:08.362785008,9.56,wallet,subscription,PK,22.507831449247593,14,0,0,0
TXN101190,1289,2026-08-05 16:59:24,2026-07-07 06:09:35.678638950,19.65,debit_card,subscription,US,29.4512537194566,16,0,0,0
TXN101191,1136,2026-08-05 21:34:07,2026-05-27 22:41:27.435847024,31.02,debit_card,gift_card,US,69.95323569621499,21,1,0,0
TXN101192,1207,2026-08-05 21:57:52,2026-06-30 03:24:07.519572267,12.79,wallet,subscription,SA,36.773431486432095,21,0,0,0
TXN101193,1275,2026-08-05 23:34:16,2026-07-07 00:39:42.191419657,12.76,cash_on_delivery,subscription,PK,29.954557969679897,23,0,0,0
TXN101194,1253,2026-08-05 23:55:41,2026-06-13 15:27:36.199413978,5.38,cash_on_delivery,dine_in_topup,SA,53.352833340116,23,0,0,0
TXN101195,1204,2026-08-06 01:38:49,2026-05-06 11:13:21.432917985,9.76,wallet,dine_in_topup,PK,91.6010135078937,1,0,0,0
TXN101196,1162,2026-08-06 02:58:53,2026-07-14 22:12:49.136561975,18.53,cash_on_delivery,dine_in_topup,US,22.198655826828993,2,0,0,0
TXN101197,1295,2026-08-06 03:51:26,2026-06-18 12:10:55.865940724,20.38,credit_card,delivery,US,48.653126551612,3,0,0,0
TXN101198,1071,2026-08-06 06:14:16,2026-05-22 18:36:37.398615392,22.33,debit_card,subscription,US,75.4844745530626,6,0,0,0
TXN101199,1108,2026-08-06 07:35:36,2025-12-01 09:00:02.582939188,4.16,credit_card,gift_card,PK,247.9413589937594,7,0,0,0
TXN101200,1213,2026-08-06 07:38:38,2026-05-06 04:34:23.435817679,12.36,wallet,delivery,GB,92.12794634470278,7,0,0,0
TXN101201,1006,2026-08-06 10:20:35,2025-09-08 11:02:18.056043187,5.8,cash_on_delivery,subscription,PK,331.9710294439446,10,0,0,0
TXN101202,1150,2026-08-06 10:33:46,2025-08-12 16:06:59.741170213,17.93,credit_card,gift_card,GB,358.7685909586781,10,0,0,0
TXN101203,1256,2026-08-06 12:45:20,2026-07-11 13:25:23.156455712,4.75,credit_card,subscription,US,25.97218568917,12,0,0,0
TXN101204,1053,2026-08-06 13:19:00,2026-07-25 21:54:41.253339521,6.97,debit_card,delivery,SA,11.641883641903693,13,0,0,0
TXN101205,1240,2026-08-06 16:21:18,2025-08-17 22:45:16.279060940,25.08,cash_on_delivery,delivery,SA,353.73335325160946,16,1,0,0
TXN101206,1123,2026-08-06 16:38:19,2025-10-19 18:33:40.631471761,10.54,credit_card,subscription,SA,290.9198885246324,16,0,0,0
TXN101207,1258,2026-08-06 18:35:28,2025-03-26 23:05:25.633000349,34.91,cash_on_delivery,delivery,US,497.81252739582925,18,1,0,0
TXN101208,1190,2026-08-06 19:07:40,2026-02-16 11:12:17.693895768,22.71,credit_card,dine_in_topup,US,171.33011928361378,19,0,0,0
TXN101209,1047,2026-08-06 21:57:39,2026-07-25 03:30:15.217246569,12.84,debit_card,subscription,GB,12.769025263349896,21,0,0,0
TXN101210,1220,2026-08-06 22:40:38,2026-04-15 07:47:19.517306945,27.64,wallet,subscription,GB,113.6203528089474,22,1,0,0
TXN101211,1016,2026-08-06 23:21:48,2026-05-08 14:59:30.402669304,13.57,wallet,delivery,GB,90.34881478392009,23,0,0,0
TXN101212,1072,2026-08-06 23:31:21,2026-01-09 02:10:57.912013454,24.17,cash_on_delivery,dine_in_topup,US,209.88915611095535,23,1,0,0
TXN101213,1266,2026-08-06 23:58:33,2026-07-12 03:12:06.526461170,9.44,credit_card,gift_card,US,25.8655841844772,23,0,0,0
TXN101214,1262,2026-08-07 01:31:44,2026-07-15 05:24:08.126394777,28.66,credit_card,delivery,PK,22.8386096482086,1,1,0,0
TXN101215,1013,2026-08-07 06:11:04,2026-04-27 06:06:59.133031769,5.04,debit_card,subscription,PK,102.0028341084286,6,0,0,0
TXN101216,1113,2026-08-07 06:25:34,2026-07-22 13:01:43.112174540,6.97,wallet,dine_in_topup,SA,15.724894535016897,6,0,0,0
TXN101217,1028,2026-08-07 09:34:16,2026-07-21 06:25:44.468147153,7.8,debit_card,delivery,SA,17.130920507556098,9,0,0,0
TXN101218,1081,2026-08-07 11:36:21,2025-11-02 16:46:11.300553603,10.13,wallet,subscription,GB,277.78483448433326,11,0,0,0
TXN101219,1290,2026-08-07 12:03:22,2025-09-13 10:00:42.252643120,18.96,debit_card,dine_in_topup,AE,328.08518226107503,12,0,0,0
TXN101220,1058,2026-08-07 13:41:10,2025-12-02 15:49:14.553727752,15.27,cash_on_delivery,delivery,PK,247.91105840592877,13,0,0,0
TXN101221,1192,2026-08-07 18:40:21,2026-03-03 16:42:40.381269008,24.35,credit_card,subscription,PK,157.0817201242013,18,1,0,0
TXN101222,1241,2026-08-07 19:05:29,2026-06-21 14:15:50.749950440,31.29,wallet,gift_card,GB,47.20113715335139,19,1,0,0
TXN101223,1264,2026-08-07 19:40:14,2026-06-20 10:17:37.258726228,4.69,wallet,delivery,GB,48.39070302400199,19,0,0,0
TXN101224,1106,2026-08-07 21:09:07,2025-12-26 03:56:05.877544424,33.7,credit_card,dine_in_topup,AE,224.71737410249509,21,1,0,0
TXN101225,1209,2026-08-07 23:34:18,2025-06-13 21:28:10.524951962,13.38,wallet,dine_in_topup,PK,420.08758651675976,23,0,0,0
TXN101226,1145,2026-08-08 00:10:05,2026-08-07 09:45:43.773346021,42.97,credit_card,subscription,PK,0.6002456788654977,0,1,0,1
TXN101227,1032,2026-08-08 03:14:38,2025-01-04 15:57:25.666330681,9.16,wallet,subscription,GB,580.4702816396912,3,0,0,0
TXN101228,1066,2026-08-08 03:35:49,2026-07-13 15:58:23.715905787,3.88,wallet,subscription,GB,25.484320417757097,3,0,0,1
TXN101229,1224,2026-08-08 04:42:27,2026-01-08 10:14:45.726913640,22.87,credit_card,delivery,AE,211.76922769775882,4,0,0,0
TXN101230,1205,2026-08-08 05:24:30,2026-07-10 07:18:57.141394511,21.97,credit_card,dine_in_topup,GB,28.92051919682279,5,0,0,0
TXN101231,1156,2026-08-08 05:33:20,2026-06-14 20:42:31.879119412,7.09,debit_card,dine_in_topup,SA,54.36861251019199,5,0,0,0
TXN101232,1234,2026-08-08 09:27:55,2026-04-06 15:09:47.299708018,7.58,cash_on_delivery,dine_in_topup,US,123.76258912374979,9,0,0,0
TXN101233,1207,2026-08-08 09:46:50,2026-07-06 00:19:45.888597603,25.52,credit_card,delivery,AE,33.39379758567589,9,1,0,0
TXN101234,1101,2026-08-08 09:50:49,2025-10-20 12:16:33.256248006,19.55,cash_on_delivery,delivery,PK,291.89879333046287,9,0,0,0
TXN101235,1088,2026-08-08 10:44:21,2026-07-20 22:17:50.579158671,12.49,wallet,dine_in_topup,GB,18.518407648626493,10,0,0,0
TXN101236,1283,2026-08-08 11:02:18,2026-07-31 02:29:49.041658806,20.85,cash_on_delivery,subscription,US,8.355890721541597,11,0,0,0
TXN101237,1291,2026-08-08 13:35:01,2025-07-20 00:56:40.429874443,18.31,cash_on_delivery,delivery,AE,384.5266269690458,13,0,0,0
TXN101238,1009,2026-08-08 17:19:59,2026-01-22 18:25:25.133241975,8.14,debit_card,gift_card,PK,197.95455864303267,17,0,0,0
TXN101239,1237,2026-08-08 18:50:23,2026-06-13 05:39:32.177961207,26.75,wallet,delivery,SA,56.5491993291527,18,1,0,0
TXN101240,1039,2026-08-08 19:23:17,2026-05-23 23:21:04.109463434,23.53,wallet,dine_in_topup,SA,76.83487141824729,19,1,0,0
TXN101241,1258,2026-08-08 20:04:39,2026-03-31 01:27:42.080193286,15.5,credit_card,subscription,US,130.77565879405918,20,0,0,0
TXN101242,1176,2026-08-08 20:37:58,2026-01-27 17:35:13.091731798,25.53,wallet,subscription,AE,193.1269086605116,20,1,0,0
TXN101243,1206,2026-08-09 00:27:14,2026-06-13 01:57:45.845441264,46.36,debit_card,gift_card,GB,56.93713141850389,0,1,0,0
TXN101244,1210,2026-08-09 00:38:06,2026-04-08 12:03:30.189416032,7.52,credit_card,subscription,SA,122.5240255854626,0,0,0,0
TXN101245,1181,2026-08-09 00:40:00,2026-07-02 02:17:22.139520730,12.87,cash_on_delivery,delivery,US,37.932382644436,0,0,0,0
TXN101246,1075,2026-08-09 00:44:08,2026-08-04 23:36:15.005999271,13.3,debit_card,subscription,PK,4.047141134267696,0,0,0,0
TXN101247,1242,2026-08-09 02:53:45,2026-01-03 17:28:47.052562103,25.18,cash_on_delivery,gift_card,PK,217.3923373546053,2,1,0,0
TXN101248,1166,2026-08-09 04:30:38,2026-07-27 00:04:03.083845802,10.04,credit_card,subscription,PK,13.185126344377293,4,0,0,0
TXN101249,1163,2026-08-09 04:39:02,2026-08-06 16:57:19.921735024,24.28,wallet,gift_card,US,2.487292572511296,4,1,0,0
TXN101250,1095,2026-08-09 11:41:50,2025-11-20 02:21:28.600072712,10.86,debit_card,gift_card,US,262.3891365732325,11,0,0,0
TXN101251,1003,2026-08-09 13:25:08,2025-11-05 18:54:44.624692288,6.94,cash_on_delivery,gift_card,US,276.7711038808763,13,0,0,0
TXN101252,1166,2026-08-09 15:09:02,2026-05-30 02:02:16.961255300,16.11,cash_on_delivery,subscription,GB,71.5463546151007,15,0,1,0
TXN101253,1103,2026-08-09 16:30:39,2026-05-04 06:54:51.986373298,10.7,cash_on_delivery,delivery,PK,97.3998496947535,16,0,0,0
TXN101254,1197,2026-08-09 18:58:03,2026-06-17 06:12:01.214807110,17.18,cash_on_delivery,gift_card,SA,53.53196510639919,18,0,0,0
TXN101255,1109,2026-08-09 18:58:38,2026-06-07 00:21:37.663914312,19.94,cash_on_delivery,gift_card,AE,63.7756983343251,18,0,0,0
TXN101256,1291,2026-08-09 19:36:06,2026-07-07 13:46:21.548683377,4.91,debit_card,delivery,US,33.242875593942394,19,0,0,0
TXN101257,1204,2026-08-09 21:41:31,2026-07-11 11:08:24.232104464,11.55,cash_on_delivery,dine_in_topup,AE,29.439661665457592,21,0,0,0
TXN101258,1136,2026-08-09 22:21:05,2026-06-21 05:33:24.575803901,16.12,wallet,gift_card,AE,49.69977342819559,22,0,0,0
TXN101259,1212,2026-08-09 23:04:22,2026-01-06 19:24:38.694889384,25.6,debit_card,dine_in_topup,SA,215.15258454989137,23,1,0,0
TXN101260,1194,2026-08-10 00:32:13,2025-07-21 09:27:50.673580490,23.64,credit_card,gift_card,PK,384.628036185411,0,1,0,0
TXN101261,1186,2026-08-10 02:45:14,2026-01-28 14:14:29.122567781,8.62,wallet,dine_in_topup,US,193.5213527480581,2,0,0,0
TXN101262,1173,2026-08-10 03:53:33,2026-03-15 17:33:54.585301706,13.74,debit_card,gift_card,US,147.43030572567469,3,0,0,0
TXN101263,1279,2026-08-10 06:05:33,2026-05-24 00:08:38.481627478,20.61,wallet,subscription,US,78.2478532219042,6,0,0,0
TXN101264,1095,2026-08-10 08:21:45,2026-06-30 18:12:30.958522771,13.12,credit_card,delivery,AE,40.589745850430894,8,0,1,0
TXN101265,1129,2026-08-10 08:54:34,2026-04-11 21:06:40.617943430,9.2,wallet,dine_in_topup,AE,120.49159007009919,8,0,0,0
TXN101266,1075,2026-08-10 09:46:41,2026-08-02 07:26:16.727958973,14.89,wallet,gift_card,SA,8.097503148622998,9,0,0,0
TXN101267,1170,2026-08-10 10:18:04,2025-05-04 00:08:31.201986163,19.37,wallet,dine_in_topup,AE,463.4232962733084,10,0,0,0
TXN101268,1296,2026-08-10 10:24:54,2026-03-15 07:58:31.045862710,8.07,wallet,dine_in_topup,US,148.10165456177418,10,0,0,0
TXN101269,1182,2026-08-10 10:39:07,2025-11-30 21:31:15.916016086,22.06,cash_on_delivery,gift_card,AE,252.54711902759158,10,0,0,0
TXN101270,1062,2026-08-10 10:53:22,2026-08-08 21:13:44.156954181,16.75,cash_on_delivery,subscription,GB,1.5691879982154977,10,0,0,0
TXN101271,1276,2026-08-10 11:11:24,2026-07-28 19:56:07.261987431,22.57,debit_card,dine_in_topup,SA,12.635610393663994,11,0,0,0
TXN101272,1237,2026-08-10 11:23:39,2026-02-20 15:11:12.230554337,14.67,cash_on_delivery,delivery,SA,170.84197649821368,11,0,0,0
TXN101273,1132,2026-08-10 13:08:27,2026-08-07 06:22:20.120480175,42.03,cash_on_delivery,subscription,PK,3.2820240685164928,13,1,0,1
TXN101274,1043,2026-08-10 13:32:05,2026-05-10 11:41:08.475388569,19.13,credit_card,subscription,PK,92.0770431089286,13,0,0,0
TXN101275,1120,2026-08-10 14:53:16,2026-07-11 01:59:21.141168488,24.22,debit_card,delivery,AE,30.53744049573509,14,1,0,0
TXN101276,1241,2026-08-10 15:23:30,2026-06-26 15:15:00.662650345,22.0,wallet,delivery,US,45.0058951082136,15,0,0,0
TXN101277,1173,2026-08-10 16:20:00,2026-03-13 22:12:39.044995493,13.63,wallet,dine_in_topup,PK,149.7551036458855,16,0,1,0
TXN101278,1055,2026-08-10 16:59:26,2026-07-08 22:54:33.441582832,18.04,credit_card,dine_in_topup,SA,32.753386092791295,16,0,0,0
TXN101279,1047,2026-08-10 17:09:53,2026-06-26 08:33:32.152212780,10.2,debit_card,gift_card,SA,45.358574627166895,17,0,0,0
TXN101280,1290,2026-08-10 17:48:49,2026-04-17 05:38:07.227158194,40.14,debit_card,dine_in_topup,US,115.50742792640979,17,1,0,0
TXN101281,1134,2026-08-10 18:32:10,2026-07-20 18:41:31.117626433,20.51,wallet,gift_card,GB,20.993505583027396,18,0,0,0
TXN101282,1205,2026-08-10 20:16:24,2026-03-17 11:16:56.855492135,8.84,wallet,dine_in_topup,US,146.37461972810027,20,0,0,0
TXN101283,1108,2026-08-10 22:19:56,2025-12-27 17:57:31.054734150,34.53,credit_card,gift_card,GB,226.18223316279918,22,1,0,0
TXN101284,1027,2026-08-10 23:47:47,2025-10-27 23:06:47.657576656,14.09,credit_card,delivery,SA,287.02846461138125,23,0,0,0
TXN101285,1123,2026-08-11 03:19:38,2026-05-12 19:55:03.879341964,26.4,debit_card,gift_card,PK,90.3087282483569,3,1,0,0
TXN101286,1207,2026-08-11 07:34:31,2026-07-12 02:41:11.891081009,4.83,credit_card,gift_card,AE,30.2036933902661,7,0,0,0
TXN101287,1100,2026-08-11 07:47:47,2026-07-20 08:49:23.664963770,30.65,cash_on_delivery,delivery,US,21.957214525882293,7,1,0,0
TXN101288,1181,2026-08-11 11:15:24,2026-07-20 20:53:46.772472323,19.97,debit_card,subscription,SA,21.598347540829597,11,0,0,0
TXN101289,1131,2026-08-11 12:46:26,2026-08-07 09:56:02.903126805,8.37,wallet,delivery,US,4.118322880476795,12,0,0,0
TXN101290,1101,2026-08-11 16:38:38,2026-03-02 21:23:35.247452145,19.75,credit_card,gift_card,AE,161.80211519152613,16,0,0,0
TXN101291,1076,2026-08-11 22:08:05,2026-05-23 14:21:55.553812462,37.64,debit_card,gift_card,PK,80.3237204419854,22,1,0,1
TXN101292,1078,2026-08-12 01:19:59,2025-11-22 10:21:43.610984391,10.41,cash_on_delivery,gift_card,US,262.62378922471765,1,0,0,0
TXN101293,1076,2026-08-12 01:33:25,2026-07-27 18:09:46.800836691,10.31,wallet,subscription,AE,15.308081008834595,1,0,1,0
TXN101294,1215,2026-08-12 02:43:45,2025-08-11 16:56:18.587440477,13.49,debit_card,delivery,AE,365.4079445898093,2,0,0,0
TXN101295,1101,2026-08-12 03:09:58,2026-06-04 03:27:57.779725006,16.02,wallet,dine_in_topup,SA,68.9875025494791,3,0,1,0
TXN101296,1222,2026-08-12 03:11:28,2026-07-29 01:41:05.101822556,27.5,wallet,subscription,US,14.062765025201898,3,1,0,0
TXN101297,1093,2026-08-12 03:55:58,2026-08-09 22:00:36.719907481,20.69,credit_card,dine_in_topup,PK,2.246774075144896,3,0,0,1
TXN101298,1098,2026-08-12 05:27:06,2026-07-16 17:28:37.258581770,13.48,cash_on_delivery,subscription,PK,26.498943766414698,5,0,0,0
TXN101299,1277,2026-08-12 05:57:11,2025-12-27 13:11:42.053376505,18.54,cash_on_delivery,gift_card,AE,227.69825169703122,5,0,0,0
TXN101300,1262,2026-08-12 06:07:30,2026-07-16 19:15:40.983090921,41.51,wallet,dine_in_topup,PK,26.4526506586699,6,1,0,1
TXN101301,1120,2026-08-12 08:42:35,2026-03-18 00:51:10.071488543,23.0,credit_card,gift_card,US,147.32737185777148,8,0,0,0
TXN101302,1080,2026-08-12 08:44:39,2026-08-02 15:33:14.582218935,14.45,debit_card,subscription,US,9.716254835428993,8,0,0,0
TXN101303,1214,2026-08-12 10:04:53,2026-06-03 10:46:50.523796584,13.22,wallet,dine_in_topup,SA,69.97086199309508,10,0,0,0
TXN101304,1020,2026-08-12 10:18:40,2026-04-16 16:28:57.760844733,17.85,cash_on_delivery,subscription,AE,117.74284999022301,10,0,0,0
TXN101305,1136,2026-08-12 10:29:33,2026-01-14 14:09:31.085230842,27.29,wallet,dine_in_topup,AE,209.84724438390234,10,1,0,0
TXN101306,1179,2026-08-12 10:59:41,2026-04-05 05:11:57.635799351,9.45,credit_card,subscription,GB,129.2414741226927,10,0,0,0
TXN101307,1202,2026-08-12 11:23:04,2026-08-06 22:17:08.694004340,24.99,wallet,subscription,GB,5.545779004579399,11,1,0,0
TXN101308,1032,2026-08-12 12:45:43,2026-02-12 21:15:51.238076128,14.26,credit_card,subscription,PK,180.64573798523,12,0,0,0
TXN101309,1000,2026-08-12 14:31:43,2026-08-11 22:54:12.804316439,15.66,debit_card,delivery,PK,0.6510439315226968,14,0,0,0
TXN101310,1082,2026-08-12 15:23:54,2026-07-19 19:48:18.783381844,62.39,wallet,dine_in_topup,PK,23.8163798219694,15,1,0,0
TXN101311,1035,2026-08-12 15:46:42,2025-10-28 08:29:18.862849852,23.41,wallet,delivery,GB,288.30374001331194,15,1,0,0
TXN101312,1152,2026-08-12 20:18:02,2026-03-15 19:09:23.487079086,10.93,debit_card,gift_card,AE,150.04766797362169,20,0,0,0
TXN101313,1275,2026-08-12 22:19:07,2026-03-25 11:20:10.513534770,19.93,debit_card,gift_card,SA,140.4575982229772,22,0,0,0
TXN101314,1085,2026-08-12 23:20:42,2026-05-21 08:23:04.266890878,28.15,cash_on_delivery,dine_in_topup,US,83.6233533924667,23,1,0,0
TXN101315,1136,2026-08-12 23:44:06,2026-03-20 12:55:27.796575582,23.58,wallet,delivery,SA,145.4504421692641,23,1,1,0
TXN101316,1064,2026-08-13 00:32:52,2026-07-19 23:14:25.933436273,3.52,credit_card,gift_card,AE,24.0544683630061,0,0,0,0
TXN101317,1013,2026-08-13 03:59:37,2026-05-12 17:29:45.160247861,15.24,wallet,delivery,US,92.43740555268678,3,0,0,0
TXN101318,1210,2026-08-13 04:42:06,2026-06-20 21:55:53.564607335,20.49,wallet,dine_in_topup,PK,53.282088372600285,4,0,0,0
TXN101319,1076,2026-08-13 07:25:52,2026-06-26 22:26:58.032692984,19.46,wallet,gift_card,SA,47.37423573272009,7,0,0,0
TXN101320,1164,2026-08-13 07:50:09,2026-04-07 06:53:33.282730190,11.52,wallet,delivery,US,128.0393022832154,7,0,0,0
TXN101321,1204,2026-08-13 10:39:56,2026-07-09 17:21:05.685139905,23.83,credit_card,subscription,PK,34.721415681251095,10,1,0,0
TXN101322,1251,2026-08-13 11:20:44,2026-04-20 10:54:59.533862088,30.73,cash_on_delivery,delivery,GB,115.01787576548509,11,1,0,0
TXN101323,1055,2026-08-13 13:52:12,2026-06-11 17:33:10.182222666,5.01,cash_on_delivery,subscription,SA,62.84654881686729,13,0,0,0
TXN101324,1174,2026-08-13 15:01:33,2024-12-28 14:55:40.308770596,4.72,credit_card,delivery,GB,593.0040820744144,15,0,0,0
TXN101325,1273,2026-08-13 15:43:38,2026-07-12 14:57:02.388691898,19.82,credit_card,subscription,SA,32.03235661236229,15,0,0,0
TXN101326,1145,2026-08-13 15:53:11,2026-08-04 21:11:38.083640433,25.08,credit_card,delivery,AE,8.778853198606098,15,1,0,0
TXN101327,1012,2026-08-13 17:43:52,2025-11-20 19:35:49.783020274,10.44,cash_on_delivery,subscription,US,265.9222478817098,17,0,0,0
TXN101328,1078,2026-08-13 19:09:45,2025-06-30 01:10:47.456130718,3.63,cash_on_delivery,dine_in_topup,SA,409.74927712811666,19,0,0,0
TXN101329,1238,2026-08-13 21:23:02,2026-03-31 21:59:28.325784029,15.41,debit_card,dine_in_topup,GB,134.97469530342562,21,0,0,0
TXN101330,1237,2026-08-13 21:33:25,2026-08-08 08:02:26.324751116,19.64,wallet,subscription,GB,5.563179111676899,21,0,0,0
TXN101331,1094,2026-08-13 22:11:39,2026-08-11 17:23:59.201759053,12.79,credit_card,dine_in_topup,GB,2.1997661833442943,22,0,0,0
TXN101332,1059,2026-08-14 04:37:31,2026-08-01 05:04:32.857514896,28.59,credit_card,gift_card,GB,12.981228500985,4,1,0,0
TXN101333,1087,2026-08-14 04:45:47,2025-12-03 03:20:54.877293484,18.89,credit_card,gift_card,PK,254.0589366053995,4,0,0,0
TXN101334,1072,2026-08-14 06:33:45,2025-06-17 12:02:50.610349879,9.71,credit_card,delivery,AE,422.7714628431727,6,0,0,0
TXN101335,1222,2026-08-14 08:23:04,2026-07-26 22:14:04.167670594,10.38,cash_on_delivery,delivery,GB,18.42291472603479,8,0,0,0
TXN101336,1252,2026-08-14 09:25:17,2026-07-24 09:43:58.082651853,15.63,cash_on_delivery,subscription,AE,20.987024506344294,9,0,0,0
TXN101337,1013,2026-08-14 09:28:53,2026-07-19 07:38:46.953273345,12.22,credit_card,dine_in_topup,GB,26.0764588741511,9,0,0,0
TXN101338,1222,2026-08-14 11:07:34,2025-12-23 22:11:24.536604716,4.54,wallet,gift_card,US,233.5389984189269,11,0,1,0
TXN101339,1225,2026-08-14 11:52:27,2026-04-18 22:48:09.507060353,17.87,credit_card,dine_in_topup,GB,117.5446469090237,11,0,0,0
TXN101340,1183,2026-08-14 12:09:37,2026-04-25 02:11:58.959721275,10.56,wallet,delivery,AE,111.41502361433707,12,0,0,0
TXN101341,1261,2026-08-14 13:07:18,2026-08-13 09:34:12.396641363,11.78,cash_on_delivery,dine_in_topup,AE,1.1479815203545949,13,0,0,1
TXN101342,1011,2026-08-14 13:10:35,2026-06-02 08:42:44.828823048,7.48,cash_on_delivery,gift_card,GB,73.1859973515851,13,0,0,0
TXN101343,1209,2026-08-14 14:50:51,2026-05-26 03:00:16.643667347,38.25,cash_on_delivery,dine_in_topup,PK,80.4934531982946,14,1,0,0
TXN101344,1038,2026-08-14 18:10:21,2026-07-13 05:15:24.610229897,22.55,credit_card,delivery,AE,32.538152659376195,18,0,0,0
TXN101345,1269,2026-08-14 21:07:39,2026-08-09 08:28:05.271219480,44.15,credit_card,gift_card,SA,5.5274737127375,21,1,0,0
TXN101346,1149,2026-08-14 22:05:40,2026-04-09 20:03:28.916321094,12.74,credit_card,delivery,PK,127.0848505055429,22,0,0,0
TXN101347,1027,2026-08-14 22:14:05,2026-04-13 18:03:58.111208381,23.36,credit_card,dine_in_topup,US,123.17369084249562,22,1,0,0
TXN101348,1223,2026-08-14 23:00:51,2026-07-02 12:31:01.852287095,18.07,wallet,dine_in_topup,PK,43.43737439482529,23,0,0,0
TXN101349,1224,2026-08-15 04:17:37,2026-01-14 00:45:55.951589477,9.96,wallet,subscription,GB,213.1470028751218,4,0,0,1
TXN101350,1139,2026-08-15 05:10:54,2026-01-30 06:10:16.237410624,12.66,cash_on_delivery,dine_in_topup,PK,196.95877040034,5,0,0,0
TXN101351,1093,2026-08-15 05:16:57,2026-03-10 07:31:59.581695021,22.52,credit_card,delivery,US,157.90622011927059,5,0,0,0
TXN101352,1005,2026-08-15 05:24:02,2026-05-31 02:59:59.494992402,7.47,debit_card,subscription,US,76.1000289931435,5,0,0,0
TXN101353,1272,2026-08-15 05:58:34,2025-01-12 02:31:35.667214913,28.77,wallet,delivery,GB,580.1437307035311,5,1,0,0
TXN101354,1055,2026-08-15 09:35:31,2026-07-10 23:20:39.110837933,17.13,wallet,gift_card,PK,35.426989457894294,9,0,0,0
TXN101355,1252,2026-08-15 09:42:56,2026-05-29 16:40:59.830170512,26.44,debit_card,subscription,US,77.709677891545,9,1,0,0
TXN101356,1176,2026-08-15 13:25:24,2025-12-24 02:26:38.612379229,19.69,credit_card,dine_in_topup,US,234.4574697641293,13,0,0,0
TXN101357,1205,2026-08-15 13:27:34,2026-02-25 00:14:44.678309881,5.03,debit_card,gift_card,AE,171.5505708528949,13,0,0,0
TXN101358,1208,2026-08-15 16:29:54,2026-05-24 13:56:26.686193360,15.25,credit_card,gift_card,AE,83.1065661320213,16,0,0,0
TXN101359,1257,2026-08-15 16:46:57,2026-04-26 11:47:50.959352380,29.16,wallet,dine_in_topup,GB,111.2077088037919,16,1,0,0
TXN101360,1010,2026-08-15 18:10:04,2026-01-27 10:02:09.610990432,16.97,cash_on_delivery,delivery,US,200.33882394687,18,0,0,0
TXN101361,1297,2026-08-15 18:23:50,2026-06-02 07:54:21.583793491,15.51,credit_card,delivery,US,74.43713444683459,18,0,0,0
TXN101362,1012,2026-08-15 19:38:32,2026-07-31 23:14:34.383275779,16.96,credit_card,delivery,SA,14.849972415789596,19,0,0,0
TXN101363,1299,2026-08-15 20:12:00,2026-07-16 19:48:19.963331260,4.32,wallet,delivery,US,30.016435609591902,20,0,0,0
TXN101364,1078,2026-08-15 21:22:42,2026-05-12 03:02:08.178707186,31.04,credit_card,gift_card,SA,95.7642803390372,21,1,0,0
TXN101365,1253,2026-08-15 23:29:47,2026-08-09 14:34:12.081015455,3.16,cash_on_delivery,subscription,SA,6.371931932691494,23,0,0,0
TXN101366,1025,2026-08-15 23:40:24,2026-04-09 01:25:42.884143849,35.09,cash_on_delivery,gift_card,US,128.9268647668536,23,1,0,0
TXN101367,1138,2026-08-16 02:49:12,2026-08-05 21:24:33.734288509,12.15,debit_card,delivery,AE,10.225442890179293,2,0,0,0
TXN101368,1162,2026-08-16 03:45:38,2026-06-26 23:37:46.874675846,20.57,debit_card,subscription,US,50.1721195060666,3,0,0,0
TXN101369,1286,2026-08-16 03:56:41,2026-04-14 01:20:27.133291455,4.1,debit_card,dine_in_topup,PK,124.10849382764518,3,0,0,0
TXN101370,1037,2026-08-16 04:46:40,2026-07-24 00:33:18.469968340,24.91,debit_card,delivery,GB,23.175943634625696,4,1,0,0
TXN101371,1010,2026-08-16 07:24:53,2026-05-20 19:21:20.104353020,22.31,cash_on_delivery,subscription,AE,87.50246406998819,7,0,1,0
TXN101372,1194,2026-08-16 07:56:22,2024-10-15 00:49:09.333504160,21.47,cash_on_delivery,dine_in_topup,SA,670.2966743807389,7,0,0,0
TXN101373,1014,2026-08-16 11:54:53,2026-08-08 05:37:45.969924271,3.99,credit_card,gift_card,GB,8.26188692217279,11,0,0,0
TXN101374,1233,2026-08-16 12:31:02,2026-04-20 16:12:22.714845857,9.08,credit_card,delivery,US,117.8462880226174,12,0,0,0
TXN101375,1011,2026-08-16 16:17:27,2026-04-09 04:55:50.094105585,19.76,wallet,dine_in_topup,PK,129.4733438182224,16,0,0,0
TXN101376,1291,2026-08-16 16:29:29,2026-04-06 13:01:40.446345669,30.52,wallet,gift_card,PK,132.1443119635918,16,1,0,0
TXN101377,1159,2026-08-16 22:24:22,2025-08-23 07:32:46.639306948,8.2,wallet,dine_in_topup,GB,358.6191592672807,22,0,0,0
TXN101378,1284,2026-08-17 01:30:54,2026-03-18 09:09:55.005721843,8.35,debit_card,delivery,GB,151.68123835970087,1,0,0,0
TXN101379,1037,2026-08-17 02:56:31,2025-07-14 12:58:40.168004885,18.94,debit_card,dine_in_topup,AE,398.5818383332768,2,0,1,0
TXN101380,1082,2026-08-17 06:59:50,2026-05-25 03:35:55.305556088,58.96,credit_card,subscription,PK,84.1416052597675,6,1,0,0
TXN101381,1136,2026-08-17 08:11:50,2026-05-21 19:32:48.741335163,10.08,debit_card,gift_card,AE,87.5270979012134,8,0,0,0
TXN101382,1008,2026-08-17 09:47:18,2025-06-04 02:19:48.857562396,12.06,wallet,dine_in_topup,GB,439.31075396339816,9,0,0,0
TXN101383,1030,2026-08-17 09:48:15,2026-04-26 00:05:24.109009908,10.91,debit_card,delivery,US,113.40475568275569,9,0,0,0
TXN101384,1098,2026-08-17 11:47:37,2026-07-07 21:30:41.733949985,14.28,debit_card,delivery,PK,40.5950840978011,11,0,0,0
TXN101385,1221,2026-08-17 11:58:38,2026-02-20 21:11:59.338070220,32.03,debit_card,subscription,PK,177.61572525381692,11,1,0,0
TXN101386,1212,2026-08-17 15:26:30,2026-04-17 00:38:43.836221977,14.78,cash_on_delivery,delivery,PK,122.6165065252086,15,0,0,0
TXN101387,1026,2026-08-17 16:01:11,2026-03-13 07:35:47.954649232,62.49,wallet,subscription,GB,157.3509611730413,16,1,0,0
TXN101388,1017,2026-08-17 16:12:11,2026-04-26 14:39:03.994549107,16.58,cash_on_delivery,subscription,GB,113.06466441494088,16,0,0,0
TXN101389,1196,2026-08-17 16:18:48,2026-01-03 01:31:54.901979149,33.96,credit_card,dine_in_topup,US,226.6158923382043,16,1,0,0
TXN101390,1107,2026-08-17 17:30:22,2026-06-19 11:05:07.413912292,12.66,cash_on_delivery,subscription,GB,59.2675299315707,17,0,0,0
TXN101391,1237,2026-08-17 18:11:35,2026-07-25 08:26:56.519117833,6.46,credit_card,subscription,PK,23.40600093613619,18,0,0,0
TXN101392,1089,2026-08-17 19:08:49,2026-07-18 04:53:19.565275847,14.76,debit_card,gift_card,US,30.5940906796777,19,0,0,0
TXN101393,1108,2026-08-17 22:08:01,2026-03-16 13:21:14.824433869,21.67,debit_card,subscription,AE,154.36581221720058,22,0,0,0
TXN101394,1065,2026-08-17 22:23:39,2026-04-19 02:00:09.661909033,9.14,credit_card,gift_card,SA,120.84964511679361,22,0,0,0
TXN101395,1079,2026-08-18 00:52:52,2025-08-09 12:29:21.548766008,30.68,cash_on_delivery,delivery,US,373.5163246670601,0,1,0,0
TXN101396,1211,2026-08-18 03:32:29,2026-05-17 21:23:22.755183747,11.27,cash_on_delivery,subscription,SA,92.2563222779659,3,0,0,0
TXN101397,1141,2026-08-18 06:33:38,2026-07-10 01:42:43.231002269,7.48,wallet,gift_card,US,39.20202278932559,6,0,0,0
TXN101398,1197,2026-08-18 07:12:09,2025-03-16 08:41:24.519710752,55.27,debit_card,dine_in_topup,US,519.9380148181626,7,1,0,0
TXN101399,1023,2026-08-18 09:13:23,2025-10-07 06:09:21.665049220,8.82,cash_on_delivery,subscription,SA,315.127793228597,9,0,0,0
TXN101400,1160,2026-08-18 09:29:02,2026-01-20 10:35:55.760960582,11.04,wallet,gift_card,SA,209.95354443332658,9,0,0,0
TXN101401,1137,2026-08-18 14:21:18,2025-11-09 19:57:55.285074280,23.96,debit_card,subscription,US,281.7662351264551,14,1,0,0
TXN101402,1273,2026-08-18 16:52:20,2026-06-15 01:31:38.088370059,12.37,cash_on_delivery,gift_card,AE,64.63937397719839,16,0,0,0
TXN101403,1127,2026-08-18 17:14:40,2026-07-12 23:16:40.208412129,7.66,credit_card,delivery,GB,36.748608698933694,17,0,0,0
TXN101404,1030,2026-08-18 18:18:59,2026-06-29 21:13:22.969255121,10.33,debit_card,gift_card,PK,49.87888924473239,18,0,0,0
TXN101405,1209,2026-08-18 18:28:53,2025-11-18 20:47:55.396481788,45.98,credit_card,subscription,AE,272.90344448516447,18,1,0,0
TXN101406,1044,2026-08-18 19:11:10,2026-02-14 14:48:51.992053946,22.16,credit_card,delivery,SA,185.18215286974598,19,0,0,0
TXN101407,1272,2026-08-18 20:05:35,2026-08-11 03:04:03.050951087,24.99,credit_card,dine_in_topup,SA,7.709397558436493,20,1,0,0
TXN101408,1115,2026-08-18 23:27:00,2026-03-29 08:06:19.328467928,18.35,wallet,dine_in_topup,US,142.6393596242138,23,0,0,0
TXN101409,1235,2026-08-18 23:35:26,2026-07-07 12:10:02.927310147,20.39,cash_on_delivery,delivery,AE,42.475961489465895,23,0,0,0
TXN101410,1196,2026-08-19 04:07:11,2025-07-06 01:48:50.147274511,11.76,wallet,gift_card,SA,409.0960746843228,4,0,0,0
TXN101411,1139,2026-08-19 04:42:54,2026-02-08 00:53:00.582239758,16.9,debit_card,delivery,AE,192.15964603889168,4,0,0,0
TXN101412,1175,2026-08-19 09:50:40,2026-04-03 14:09:05.117450483,3.79,debit_card,delivery,PK,137.8205426221009,9,0,0,0
TXN101413,1054,2026-08-19 13:47:43,2026-05-14 21:03:21.912079972,27.99,credit_card,delivery,PK,96.69746629537069,13,1,0,0
TXN101414,1022,2026-08-19 14:14:37,2026-07-24 11:57:07.121392356,11.69,wallet,delivery,PK,26.095484706106987,14,0,0,0
TXN101415,1229,2026-08-19 15:21:34,2026-03-20 03:55:51.448364068,6.84,credit_card,gift_card,SA,152.4761869402307,15,0,0,0
TXN101416,1287,2026-08-19 15:43:24,2026-05-16 11:37:08.569227835,17.53,cash_on_delivery,delivery,PK,95.17101193023339,15,0,0,0
TXN101417,1258,2026-08-19 15:47:26,2026-01-07 07:18:26.483245164,13.61,debit_card,delivery,AE,224.3534666291069,15,0,0,1
TXN101418,1091,2026-08-19 16:06:47,2026-06-29 11:24:59.370995064,27.37,debit_card,subscription,GB,51.195690150520086,16,1,0,0
TXN101419,1107,2026-08-19 20:14:54,2026-04-04 13:53:38.144596493,14.98,credit_card,subscription,GB,137.26476684494799,20,0,0,0
TXN101420,1107,2026-08-19 20:38:57,2026-08-06 10:07:43.834094574,10.18,credit_card,delivery,SA,13.438346827609097,20,0,1,0
TXN101421,1210,2026-08-19 21:53:05,2026-07-21 19:34:04.365601899,15.22,credit_card,dine_in_topup,SA,29.09653512034839,21,0,0,0
TXN101422,1187,2026-08-19 21:55:27,2026-07-22 22:33:55.157893749,36.4,wallet,subscription,US,27.97328520956309,21,1,0,0
TXN101423,1238,2026-08-19 23:56:02,2026-06-26 09:32:52.012878957,27.94,debit_card,subscription,AE,54.59942114723429,23,1,0,0
TXN101424,1283,2026-08-20 01:20:38,2025-12-11 05:08:16.515348974,22.13,cash_on_delivery,subscription,PK,251.8419153316091,1,0,0,0
TXN101425,1117,2026-08-20 02:22:29,2026-06-02 13:32:38.696294288,28.71,wallet,subscription,SA,78.53460999659389,2,1,0,0
TXN101426,1198,2026-08-20 02:23:09,2026-05-18 13:34:56.501340087,23.22,cash_on_delivery,subscription,AE,93.533477993749,2,0,0,0
TXN101427,1150,2026-08-20 03:01:33,2026-08-09 17:01:57.827000608,8.39,cash_on_delivery,gift_card,SA,10.416379317122592,3,0,0,0
TXN101428,1286,2026-08-20 04:21:55,2026-06-05 23:30:08.710875148,25.11,credit_card,dine_in_topup,AE,75.2026190870932,4,1,0,0
TXN101429,1106,2026-08-20 04:58:03,2026-05-29 17:39:15.718849287,30.86,credit_card,dine_in_topup,GB,82.47138056887398,4,1,0,0
TXN101430,1056,2026-08-20 06:43:10,2026-06-29 16:59:02.252859322,31.95,cash_on_delivery,gift_card,GB,51.572311888202286,6,1,0,0
TXN101431,1113,2026-08-20 06:55:53,2026-04-09 15:20:41.364465488,7.23,debit_card,gift_card,GB,132.6494402260939,6,0,0,0
TXN101432,1185,2026-08-20 07:10:53,2026-05-26 23:47:30.318671841,11.07,cash_on_delivery,delivery,GB,85.3079014042611,7,0,0,0
TXN101433,1286,2026-08-20 11:15:55,2026-07-29 06:09:00.040575849,9.99,wallet,subscription,AE,22.213136104446193,11,0,1,0
TXN101434,1248,2026-08-20 11:53:18,2026-04-29 10:09:19.680041194,12.58,wallet,delivery,PK,113.072202777301,11,0,0,0
TXN101435,1005,2026-08-20 13:18:23,2026-05-25 15:27:40.481476088,20.68,debit_card,gift_card,PK,86.9102143347675,13,0,0,0
TXN101436,1152,2026-08-20 13:27:01,2026-06-30 01:09:42.790116083,17.25,debit_card,delivery,US,51.51201631810089,13,0,0,0
TXN101437,1047,2026-08-20 16:01:27,2026-08-17 07:47:42.999600381,17.25,wallet,gift_card,SA,3.34287037499559,16,0,0,0
TXN101438,1108,2026-08-20 16:42:49,2026-06-15 17:46:29.075539446,6.0,credit_card,delivery,GB,65.9557861627379,16,0,0,0
TXN101439,1283,2026-08-20 17:25:04,2025-10-25 07:09:10.669561504,10.79,debit_card,delivery,GB,299.42770058377886,17,0,1,0
TXN101440,1295,2026-08-20 18:43:21,2026-01-09 04:02:22.284815931,33.43,wallet,subscription,AE,223.61179068500076,18,1,0,0
TXN101441,1046,2026-08-20 21:33:07,2026-05-06 07:13:15.766411696,30.78,credit_card,delivery,US,106.5971207591239,21,1,0,0
TXN101442,1042,2026-08-20 23:52:57,2026-07-25 23:00:47.174886072,14.81,debit_card,dine_in_topup,US,26.0362248277075,23,0,0,0
TXN101443,1208,2026-08-21 01:30:26,2026-02-19 21:43:49.637634643,25.16,cash_on_delivery,dine_in_topup,PK,182.15736530515457,1,1,0,0
TXN101444,1123,2026-08-21 02:08:38,2026-01-24 02:32:25.444455338,19.51,debit_card,gift_card,GB,208.9834786521373,2,0,0,0
TXN101445,1129,2026-08-21 02:47:33,2026-08-15 06:03:15.452374384,26.91,cash_on_delivery,delivery,AE,5.864091986407593,2,1,0,0
TXN101446,1262,2026-08-21 03:44:46,2025-10-07 16:24:42.375296944,25.85,cash_on_delivery,dine_in_topup,US,317.4722641748039,3,1,0,0
TXN101447,1276,2026-08-21 07:08:58,2025-09-19 07:27:52.837196543,15.6,wallet,gift_card,US,335.9868653102252,7,0,0,0
TXN101448,1270,2026-08-21 09:45:22,2026-07-21 18:39:55.283791689,22.21,credit_card,gift_card,PK,30.62878143759619,9,0,0,0
TXN101449,1234,2026-08-21 10:01:49,2026-06-28 12:07:21.746370494,20.33,credit_card,delivery,SA,53.91281543552669,10,0,0,0
TXN101450,1294,2026-08-21 10:43:09,2026-08-12 19:10:47.179945008,15.87,cash_on_delivery,subscription,AE,8.647474769155,10,0,0,0
TXN101451,1215,2026-08-21 11:44:49,2026-02-03 22:22:28.086071283,13.73,credit_card,gift_card,GB,198.5571865038046,11,0,0,0
TXN101452,1265,2026-08-21 13:01:50,2026-05-23 16:35:06.611883517,42.11,wallet,dine_in_topup,GB,89.85189106616299,13,1,0,0
TXN101453,1162,2026-08-21 13:14:19,2026-03-22 17:25:00.879231625,15.88,wallet,delivery,PK,151.8259041755599,13,0,0,0
TXN101454,1015,2026-08-21 13:45:19,2026-04-12 21:16:00.466065418,24.19,cash_on_delivery,subscription,AE,130.6870200686873,13,1,0,0
TXN101455,1244,2026-08-21 14:23:05,2026-03-08 05:00:24.707136508,40.13,cash_on_delivery,subscription,US,166.39074413036448,14,1,0,0
TXN101456,1278,2026-08-21 16:02:39,2026-06-07 01:49:15.569128006,22.19,debit_card,delivery,SA,75.5926323017592,16,0,0,0
TXN101457,1093,2026-08-21 16:25:34,2026-07-17 00:55:53.988612710,21.56,wallet,dine_in_topup,GB,35.645601983649186,16,0,0,0
TXN101458,1128,2026-08-21 16:44:22,2026-06-11 08:40:41.213679737,15.94,wallet,gift_card,US,71.3358887305586,16,0,0,0
TXN101459,1171,2026-08-21 18:20:55,2026-07-31 16:12:07.215765083,20.57,cash_on_delivery,subscription,SA,21.08944194716339,18,0,0,0
TXN101460,1195,2026-08-21 18:35:02,2025-04-01 08:08:51.532189556,12.98,wallet,gift_card,US,507.4348433774357,18,0,0,0
TXN101461,1202,2026-08-21 19:09:13,2026-06-15 20:26:33.475206869,67.49,credit_card,delivery,SA,66.9462907962168,19,1,0,0
TXN101462,1118,2026-08-21 19:13:13,2026-07-13 05:54:03.216806990,6.1,cash_on_delivery,subscription,GB,39.55497434251169,19,0,0,0
TXN101463,1256,2026-08-21 20:40:37,2026-06-28 19:45:16.043485000,14.29,wallet,delivery,PK,54.03843699670139,20,0,0,0
TXN101464,1244,2026-08-21 22:38:03,2026-06-25 13:24:36.211068744,22.42,credit_card,delivery,AE,57.3843378348525,22,0,1,0
TXN101465,1282,2026-08-21 22:38:53,2026-05-29 01:18:24.220991461,21.58,credit_card,subscription,PK,84.8892219792655,22,0,0,0
TXN101466,1172,2026-08-21 22:53:57,2026-05-28 14:49:21.257199700,12.97,credit_card,gift_card,AE,85.3365248009294,22,0,0,0
TXN101467,1023,2026-08-21 23:34:41,2026-07-10 01:54:32.898759735,4.75,wallet,gift_card,PK,42.9028715421327,23,0,0,0
TXN101468,1253,2026-08-22 00:39:12,2026-05-27 08:36:01.566435119,6.78,cash_on_delivery,subscription,PK,86.66887075885279,0,0,0,0
TXN101469,1023,2026-08-22 00:48:37,2025-04-18 14:36:56.892615982,18.03,debit_card,dine_in_topup,PK,490.4247697613891,0,0,1,0
TXN101470,1058,2026-08-22 01:21:45,2026-08-06 09:35:52.017779472,3.93,credit_card,subscription,GB,15.656863220144999,1,0,0,0
TXN101471,1085,2026-08-22 01:50:43,2026-07-27 10:48:54.862755363,23.42,cash_on_delivery,gift_card,US,25.626251588479597,1,1,0,0
TXN101472,1055,2026-08-22 02:51:34,2025-06-16 21:11:42.535346464,32.4,wallet,delivery,US,431.2360123223789,2,1,0,0
TXN101473,1217,2026-08-22 03:00:00,2026-01-27 02:49:39.219293171,26.08,wallet,subscription,GB,207.00718496188458,3,1,0,0
TXN101474,1132,2026-08-22 07:39:40,2025-07-10 07:05:44.804010659,29.37,credit_card,delivery,SA,408.02355550913586,7,1,0,0
TXN101475,1065,2026-08-22 07:55:57,2026-03-25 19:11:42.988716307,4.02,cash_on_delivery,dine_in_topup,US,149.5307177231909,7,0,0,0
TXN101476,1001,2026-08-22 09:32:06,2025-12-14 20:07:48.757454256,13.31,credit_card,subscription,US,250.55853289983497,9,0,0,1
TXN101477,1064,2026-08-22 10:31:58,2026-08-11 14:16:00.770336819,7.96,wallet,delivery,GB,10.844412380360891,10,0,0,0
TXN101478,1207,2026-08-22 11:15:04,2025-12-26 04:22:22.066454848,5.27,wallet,subscription,US,239.2865964530689,11,0,0,0
TXN101479,1238,2026-08-22 12:21:12,2026-05-14 18:22:16.292618368,11.54,wallet,subscription,US,99.74925587247259,12,0,0,0
TXN101480,1088,2026-08-22 12:57:04,2025-12-05 01:50:08.646911054,39.52,wallet,gift_card,AE,260.46314066075166,12,1,0,0
TXN101481,1021,2026-08-22 13:07:46,2026-05-01 02:14:03.379127694,46.33,debit_card,gift_card,PK,113.45396551935539,13,1,0,1
TXN101482,1167,2026-08-22 13:52:02,2026-08-21 14:06:49.902282907,8.67,wallet,subscription,PK,0.9897233532070949,13,0,0,0
TXN101483,1234,2026-08-22 16:02:46,2026-07-07 11:28:24.833576367,16.62,debit_card,dine_in_topup,GB,46.19052275953279,16,0,0,0
TXN101484,1021,2026-08-22 17:10:52,2026-07-25 21:48:11.001518505,20.38,debit_card,subscription,SA,27.80741896390619,17,0,1,0
TXN101485,1238,2026-08-22 19:22:55,2026-03-09 21:19:42.816529720,13.37,wallet,gift_card,US,165.91889101238752,19,0,1,0
TXN101486,1051,2026-08-22 21:18:50,2026-04-12 04:37:26.581262624,33.86,wallet,delivery,PK,132.69540993909,21,1,0,0
TXN101487,1077,2026-08-22 21:26:51,2026-07-09 22:55:57.113321549,11.66,credit_card,subscription,GB,43.938123688408,21,0,0,0
TXN101488,1186,2026-08-22 22:12:31,2026-06-19 01:22:13.314967286,10.39,cash_on_delivery,gift_card,SA,64.8682602434342,22,0,0,0
TXN101489,1015,2026-08-23 02:17:30,2026-07-24 03:14:58.961796825,8.99,credit_card,delivery,US,29.960081460684897,2,0,0,0
TXN101490,1091,2026-08-23 02:52:23,2026-07-26 21:48:06.574869906,13.31,debit_card,delivery,PK,27.211301216783493,2,0,0,0
TXN101491,1041,2026-08-23 04:27:56,2026-08-10 02:48:28.172203536,2.62,debit_card,delivery,PK,13.069072080977593,4,0,0,1
TXN101492,1064,2026-08-23 05:57:22,2026-05-25 11:26:21.932186712,13.74,debit_card,gift_card,US,89.7715285626538,5,0,1,0
TXN101493,1232,2026-08-23 08:14:02,2026-07-16 07:28:59.763043806,17.29,debit_card,delivery,SA,38.03127589069669,8,0,0,0
TXN101494,1068,2026-08-23 10:25:48,2026-06-10 18:30:04.232612181,18.0,debit_card,delivery,PK,73.66370101143309,10,0,0,0
TXN101495,1013,2026-08-23 11:13:47,2026-05-12 19:22:51.903031941,7.64,debit_card,subscription,GB,102.66035991861179,11,0,0,0
TXN101496,1064,2026-08-23 14:11:53,2026-05-08 12:28:51.595770175,17.78,cash_on_delivery,subscription,GB,107.07154403043778,14,0,1,0
TXN101497,1026,2026-08-23 14:56:01,2026-07-25 18:51:52.797281659,17.54,cash_on_delivery,gift_card,PK,28.836206049980795,14,0,0,0
TXN101498,1186,2026-08-23 15:20:10,2026-07-11 06:04:49.395950224,17.8,debit_card,gift_card,AE,43.385655139465,15,0,1,0
TXN101499,1291,2026-08-23 16:32:44,2026-08-21 23:20:53.393193933,26.4,debit_card,gift_card,PK,1.716557949144294,16,1,0,0
TXN101500,1050,2026-08-23 20:11:58,2026-06-20 06:08:57.357884494,7.42,wallet,gift_card,US,64.5854240985591,20,0,0,0
TXN101501,1218,2026-08-23 23:23:11,2026-03-10 04:20:34.956460692,13.48,credit_card,delivery,PK,166.7934727261494,23,0,0,0
TXN101502,1108,2026-08-24 01:56:51,2026-08-19 15:06:58.638712119,4.55,debit_card,delivery,SA,4.451300477868993,1,0,0,0
TXN101503,1021,2026-08-24 03:32:44,2026-01-17 19:26:57.949384596,24.87,credit_card,subscription,PK,218.3373385487894,3,1,0,0
TXN101504,1206,2026-08-24 04:26:12,2025-11-24 07:53:51.758483578,8.23,wallet,subscription,GB,272.855789832366,4,0,0,0
TXN101505,1062,2026-08-24 04:41:45,2026-05-15 17:39:06.604968697,28.98,credit_card,subscription,GB,100.4601666091586,4,1,0,0
TXN101506,1154,2026-08-24 07:42:02,2026-01-17 11:31:39.181225070,29.63,cash_on_delivery,dine_in_topup,PK,218.84054188396908,7,1,0,0
TXN101507,1152,2026-08-24 08:22:19,2026-06-11 02:04:12.701423818,14.37,debit_card,dine_in_topup,AE,74.2625729001873,8,0,0,0
TXN101508,1179,2026-08-24 08:40:47,2026-07-15 20:00:20.831550759,13.87,wallet,dine_in_topup,GB,39.5280806533477,8,0,0,0
TXN101509,1040,2026-08-24 11:40:34,2026-08-16 21:09:53.327029617,5.75,wallet,delivery,PK,7.604637418638692,11,0,0,0
TXN101510,1075,2026-08-24 12:27:22,2026-08-18 09:52:25.194514331,16.27,debit_card,gift_card,US,6.107601915343392,12,0,0,0
TXN101511,1221,2026-08-24 15:23:08,2026-01-16 12:39:36.604692391,26.25,debit_card,gift_card,AE,220.11355781606028,15,1,0,0
TXN101512,1279,2026-08-24 15:48:37,2025-09-26 20:08:48.128149312,19.24,debit_card,gift_card,PK,331.81931564642,15,0,0,0
TXN101513,1003,2026-08-24 16:22:25,2026-05-21 16:56:23.773728100,36.42,cash_on_delivery,subscription,US,94.9764030818507,16,1,0,0
TXN101514,1124,2026-08-24 16:55:16,2025-11-29 22:13:14.964982196,12.45,wallet,dine_in_topup,US,267.7791786460394,16,0,0,0
TXN101515,1264,2026-08-24 19:05:30,2026-04-23 17:27:06.379122374,12.44,credit_card,gift_card,AE,123.06832894534288,19,0,0,0
TXN101516,1086,2026-08-24 19:54:26,2026-02-04 10:15:54.131091175,8.61,debit_card,gift_card,SA,201.40175774200026,19,0,0,0
TXN101517,1134,2026-08-24 21:26:11,2026-05-03 12:00:48.718943526,51.73,debit_card,gift_card,PK,113.3926189937092,21,1,0,0
TXN101518,1271,2026-08-24 21:57:25,2026-05-08 14:20:01.197679778,5.71,cash_on_delivery,delivery,US,108.3176366009285,21,0,0,0
TXN101519,1290,2026-08-24 22:21:07,2026-07-04 18:22:33.168832279,25.07,cash_on_delivery,dine_in_topup,PK,51.165669342219,22,1,0,0
TXN101520,1196,2026-08-25 01:07:30,2026-05-04 02:14:50.756395189,26.59,debit_card,gift_card,GB,112.95323198616681,1,1,0,0
TXN101521,1208,2026-08-25 01:22:45,2026-07-19 23:43:43.199211137,25.88,debit_card,dine_in_topup,US,36.06877084246369,1,1,0,0
TXN101522,1184,2026-08-25 05:32:10,2026-08-18 08:11:51.450871367,9.11,credit_card,gift_card,GB,6.889103577877696,5,0,0,0
TXN101523,1085,2026-08-25 07:37:26,2026-05-25 05:17:26.261062251,14.36,wallet,gift_card,PK,92.09721920066839,7,0,0,0
TXN101524,1266,2026-08-25 07:40:36,2026-08-13 11:47:24.657510628,22.83,credit_card,gift_card,US,11.828603501034399,7,0,0,0
TXN101525,1010,2026-08-25 08:23:49,2026-06-18 03:21:23.533731806,10.52,cash_on_delivery,subscription,PK,68.21001697069669,8,0,0,0
TXN101526,1017,2026-08-25 11:57:15,2026-08-22 20:24:16.467845640,13.06,wallet,gift_card,AE,2.6478996777125,11,0,0,0
TXN101527,1180,2026-08-25 12:03:10,2026-05-03 00:09:28.964002998,10.65,credit_card,gift_card,SA,114.49561384255789,12,0,0,0
TXN101528,1251,2026-08-25 12:52:39,2026-07-11 02:56:03.599896874,17.0,cash_on_delivery,gift_card,GB,45.4142986123047,12,0,0,0
TXN101529,1244,2026-08-25 15:24:56,2026-08-09 17:25:08.727424581,16.29,cash_on_delivery,delivery,PK,15.916519358511794,15,0,0,0
TXN101530,1203,2026-08-25 16:38:28,2026-06-22 11:57:33.963681185,40.52,debit_card,subscription,AE,64.1950698648011,16,1,0,1
TXN101531,1112,2026-08-25 16:53:14,2026-06-26 06:42:35.454030048,23.15,credit_card,gift_card,SA,60.42405724502259,16,0,0,0
TXN101532,1107,2026-08-25 16:53:48,2026-03-01 17:17:10.884509542,6.62,debit_card,dine_in_topup,PK,176.9837629107692,16,0,0,0
TXN101533,1127,2026-08-25 17:11:09,2025-10-27 01:57:23.254793409,6.98,debit_card,dine_in_topup,GB,302.6345572361874,17,0,0,0
TXN101534,1076,2026-08-25 17:32:54,2026-03-09 16:41:48.635833853,25.35,debit_card,delivery,AE,169.03547875192302,17,1,0,0
TXN101535,1125,2026-08-25 18:24:13,2026-08-10 11:15:21.525453763,16.17,cash_on_delivery,delivery,US,15.297817992433298,18,0,0,0
TXN101536,1031,2026-08-25 19:06:18,2026-07-24 15:24:48.744808094,49.82,cash_on_delivery,gift_card,SA,32.15381082398039,19,1,0,0
TXN101537,1095,2026-08-25 21:11:30,2024-07-26 03:47:50.604965337,49.73,wallet,gift_card,GB,760.7247615166049,21,1,0,0
TXN101538,1282,2026-08-25 21:49:08,2026-06-24 06:36:19.796919210,8.58,cash_on_delivery,dine_in_topup,AE,62.633891239361,21,0,0,0
TXN101539,1212,2026-08-25 22:47:32,2026-06-25 20:27:02.525483128,19.43,credit_card,delivery,PK,61.0975633624638,22,0,0,0
TXN101540,1042,2026-08-26 01:21:56,2026-02-05 02:08:24.633353497,7.04,credit_card,gift_card,AE,201.9677241510012,1,0,0,0
TXN101541,1085,2026-08-26 04:22:11,2026-02-12 07:28:41.708445588,25.08,cash_on_delivery,subscription,US,194.87047791150943,4,1,1,1
TXN101542,1077,2026-08-26 05:18:35,2026-08-09 09:50:05.110811805,44.17,wallet,dine_in_topup,PK,16.811457050789294,5,1,0,0
TXN101543,1084,2026-08-26 06:50:31,2026-05-10 01:21:22.449303829,17.72,credit_card,subscription,SA,108.2285711886131,6,0,0,0
TXN101544,1207,2026-08-26 06:53:01,2026-08-11 08:24:44.355543299,12.16,cash_on_delivery,gift_card,PK,14.93630375528589,6,0,0,0
TXN101545,1268,2026-08-26 07:00:23,2026-01-20 04:11:11.305962437,20.73,credit_card,delivery,US,218.1174964587681,7,0,0,0
TXN101546,1213,2026-08-26 07:18:20,2026-08-16 21:07:07.713844941,28.41,cash_on_delivery,delivery,SA,9.424447756424295,7,1,0,0
TXN101547,1146,2026-08-26 08:33:42,2026-05-26 06:33:37.441721297,28.53,cash_on_delivery,subscription,AE,92.0833860911887,8,1,0,0
TXN101548,1048,2026-08-26 09:36:49,2025-12-19 20:04:50.623200964,12.25,debit_card,gift_card,US,249.5638701018407,9,0,0,0
TXN101549,1042,2026-08-26 10:23:46,2026-06-17 12:02:03.460481370,10.35,wallet,subscription,PK,69.9317423555397,10,0,1,0
TXN101550,1244,2026-08-26 10:35:32,2026-03-30 07:08:11.123331072,18.77,wallet,gift_card,GB,149.1439916281126,10,0,1,0
TXN101551,1203,2026-08-26 11:14:46,2026-05-12 00:50:42.307379676,12.8,cash_on_delivery,gift_card,SA,106.43337607199449,11,0,1,0
TXN101552,1153,2026-08-26 12:31:41,2025-12-29 12:10:05.042328259,33.86,wallet,delivery,GB,240.01499951008958,12,1,0,0
TXN101553,1173,2026-08-26 12:42:51,2025-08-24 09:12:58.921401362,12.7,debit_card,delivery,PK,367.14574165044723,12,0,0,0
TXN101554,1254,2026-08-26 12:52:57,2026-03-27 20:36:39.810272066,16.9,credit_card,subscription,AE,151.6779767329622,12,0,0,0
TXN101555,1244,2026-08-26 14:43:23,2025-10-19 17:02:51.525748333,20.4,debit_card,dine_in_topup,GB,310.903142063098,14,0,2,0
TXN101556,1026,2026-08-26 14:53:25,2026-07-05 16:21:18.098641801,5.85,credit_card,dine_in_topup,GB,51.9389687657199,14,0,0,0
TXN101557,1118,2026-08-26 15:28:05,2026-05-23 23:08:50.437600658,10.94,wallet,dine_in_topup,US,94.68002965739979,15,0,0,0
TXN101558,1012,2026-08-26 15:51:43,2026-06-16 00:01:31.263918539,48.46,debit_card,gift_card,SA,71.6598580564984,15,1,0,0
TXN101559,1115,2026-08-26 17:22:02,2025-10-09 19:32:05.186832181,27.66,wallet,gift_card,AE,320.90968533759053,17,1,0,0
TXN101560,1191,2026-08-26 18:05:44,2026-02-03 16:20:55.574746102,12.59,credit_card,gift_card,GB,204.07278269969788,18,0,0,0
TXN101561,1062,2026-08-26 19:15:42,2026-07-12 19:40:35.299678660,25.15,debit_card,dine_in_topup,US,44.9827164389044,19,1,0,0
TXN101562,1045,2026-08-26 20:54:38,2026-07-01 14:21:54.413393854,33.51,debit_card,delivery,GB,56.27272669683039,20,1,0,0
TXN101563,1147,2026-08-26 21:12:23,2025-08-13 09:58:53.487687646,13.92,credit_card,delivery,US,378.4677026888004,21,0,0,0
TXN101564,1157,2026-08-26 21:48:20,2026-07-24 19:37:54.311148528,26.83,cash_on_delivery,dine_in_topup,US,33.090575102447595,21,1,0,0
TXN101565,1214,2026-08-27 00:06:26,2026-06-26 20:37:52.425452087,24.47,wallet,delivery,SA,61.14483303874899,0,1,0,0
TXN101566,1004,2026-08-27 00:18:17,2026-07-03 05:46:55.942710116,7.12,cash_on_delivery,delivery,SA,54.7717714964107,0,0,0,0
TXN101567,1074,2026-08-27 00:47:29,2026-08-23 19:05:49.127992392,13.97,cash_on_delivery,gift_card,SA,3.2372670371250925,0,0,0,0
TXN101568,1233,2026-08-27 00:56:35,2026-05-11 22:31:52.200289732,41.19,credit_card,dine_in_topup,PK,107.10049536701699,0,1,0,0
TXN101569,1204,2026-08-27 02:36:35,2026-06-23 11:53:11.581522780,47.6,cash_on_delivery,gift_card,US,64.6134654916345,2,1,0,1
TXN101570,1269,2026-08-27 04:47:10,2026-08-11 08:45:14.997603520,27.8,credit_card,gift_card,GB,15.834664379588888,4,1,0,0
TXN101571,1244,2026-08-27 05:47:11,2026-08-25 03:17:59.078345500,10.69,cash_on_delivery,dine_in_topup,SA,2.103610204334491,5,0,2,0
TXN101572,1251,2026-08-27 06:04:31,2026-06-22 02:08:40.130931383,3.37,wallet,delivery,AE,66.1637832068127,6,0,0,0
TXN101573,1153,2026-08-27 08:15:55,2026-02-02 04:13:44.795914655,9.74,cash_on_delivery,delivery,GB,206.16817365839518,8,0,1,0
TXN101574,1287,2026-08-27 08:21:59,2026-02-23 03:28:04.441070307,6.48,debit_card,gift_card,US,185.20410369131588,8,0,0,0
TXN101575,1124,2026-08-27 09:43:09,2026-07-25 18:40:39.752857806,43.1,credit_card,gift_card,AE,32.626727397479094,9,1,0,0
TXN101576,1270,2026-08-27 10:08:21,2026-07-15 02:11:18.715525119,4.48,credit_card,gift_card,SA,43.33127644068149,10,0,0,0
TXN101577,1117,2026-08-27 13:54:48,2026-06-08 20:03:36.155508742,7.25,credit_card,delivery,US,79.7438870890192,13,0,0,0
TXN101578,1133,2026-08-27 16:58:25,2026-08-16 05:35:57.625527921,18.52,cash_on_delivery,gift_card,GB,11.473927945278692,16,0,0,0
TXN101579,1205,2026-08-27 21:49:11,2026-04-27 09:53:39.905340763,16.1,wallet,gift_card,AE,122.49688766966707,21,0,0,0
TXN101580,1119,2026-08-27 23:37:22,2026-07-23 06:12:46.461791452,39.92,credit_card,subscription,PK,35.725411321858196,23,1,0,0
TXN101581,1044,2026-08-27 23:53:28,2025-12-15 11:26:46.934162111,23.52,credit_card,dine_in_topup,US,255.51853085460516,23,1,0,0
TXN101582,1268,2026-08-28 01:50:21,2026-04-24 18:38:26.111542723,14.66,credit_card,delivery,GB,125.29994083862587,1,0,0,0
TXN101583,1135,2026-08-28 02:14:40,2026-07-14 05:33:34.231696582,34.25,debit_card,dine_in_topup,AE,44.8618723183266,2,1,0,0
TXN101584,1278,2026-08-28 02:22:09,2026-02-10 05:43:24.362517721,12.35,wallet,gift_card,SA,198.86023885974862,2,0,0,0
TXN101585,1119,2026-08-28 04:11:03,2025-11-26 18:36:41.219957979,41.96,cash_on_delivery,delivery,GB,274.39886319493075,4,1,1,0
TXN101586,1291,2026-08-28 04:23:43,2026-05-26 01:28:43.521462671,8.87,wallet,subscription,GB,94.12152174233019,4,0,0,0
TXN101587,1180,2026-08-28 04:26:00,2026-07-20 15:12:28.524088526,15.71,cash_on_delivery,delivery,SA,38.55105874897539,4,0,0,0
TXN101588,1230,2026-08-28 05:38:49,2025-07-25 19:18:29.066739779,3.65,debit_card,gift_card,SA,398.43078626458583,5,0,0,0
TXN101589,1226,2026-08-28 06:11:09,2025-12-28 14:00:17.792333176,28.72,debit_card,gift_card,GB,242.6742037924401,6,1,0,0
TXN101590,1060,2026-08-28 06:28:26,2025-11-08 12:22:37.019740003,17.84,wallet,delivery,SA,292.7540391233796,6,0,0,0
TXN101591,1244,2026-08-28 07:41:29,2026-04-16 05:37:21.111144745,42.03,credit_card,delivery,GB,134.0862024173062,7,1,0,0
TXN101592,1283,2026-08-28 08:37:12,2026-04-25 00:20:50.759218994,13.64,cash_on_delivery,dine_in_topup,SA,125.3446902868172,8,0,0,0
TXN101593,1198,2026-08-28 10:43:14,2026-04-07 13:39:02.098451484,5.79,cash_on_delivery,dine_in_topup,PK,142.8779155271819,10,0,0,0
TXN101594,1284,2026-08-28 10:47:19,2026-08-06 19:47:22.280326043,21.62,credit_card,gift_card,AE,21.62496203326339,10,0,0,0
TXN101595,1253,2026-08-28 13:33:02,2026-05-08 01:39:05.533275325,11.16,credit_card,gift_card,SA,112.495792438943,13,0,0,0
TXN101596,1199,2026-08-28 14:07:53,2026-08-05 17:15:24.187437611,26.16,wallet,gift_card,US,22.8697779231758,14,1,0,0
TXN101597,1143,2026-08-28 17:06:17,2026-07-24 00:13:57.227215175,9.0,wallet,subscription,PK,35.703006629453995,17,0,0,0
TXN101598,1257,2026-08-28 17:11:16,2026-07-12 06:38:31.586369500,37.41,credit_card,dine_in_topup,SA,47.4394029355382,17,1,0,0
TXN101599,1055,2026-08-28 18:51:17,2026-03-08 03:12:40.603111332,16.89,wallet,dine_in_topup,GB,173.6518101491744,18,0,0,0
